
create extension if not exists "uuid-ossp";

drop table if exists vendor_dms, product_6qy, vendor_product_info_ieh, transport_2xo, vendor_transport_info_vz0 cascade;

create table vendor_dms
(
    id      uuid primary key,
    name    text,
    phone   text
);

create table product_6qy
(
    id              uuid primary key,
    model           text,
    category        text,
    brand           text,
    score           numeric,
    screen_material text,
    screen_size     int,
    height          int,
    width           int,
    weight          int,
    sales_start     int,
    sales_end       int,
    os              text,
    color           text
);

create table vendor_product_info_ieh
(
    vendor_id uuid references vendor_dms,
    product_id uuid references product_6qy,
    price numeric,
    quantity int,
    primary key (product_id, vendor_id)
);

create table transport_2xo
(
    id                uuid primary key,
    model             text,
    body_volume       int,
    lifting_capacity  int
);

create table vendor_transport_info_vz0
(
    vendor_id uuid references vendor_dms,
    transport_id uuid references transport_2xo,
    quantity int,
    primary key (transport_id, vendor_id)
);

insert into vendor_dms values
('b37fc96c-2bed-4ea2-ae34-336f0f6235c1', 'ФГУП Феоктист', '(939)482-69-13'),
('93bb5445-1bb5-4f88-b233-1d661df11de8', 'ИП Голубев', '(916)891-27-91'),
('c77e4c9f-d28f-4fe0-900d-60b130b45ab5', 'МУП КурчатовИнкорпорэйтедИнкорпорэйтедТорг', '(956)418-39-86'),
('6bbfe8e1-e7d0-484a-87a3-bf0c1b730e25', 'НКО Белогорск (Амур.)ИнкорпорэйтедСбыт', '(967)355-91-49'),
('be5b7349-cbd5-461f-998d-fcde6cd1e856', 'ГУП СбытЛимитедТорг', '(978)638-44-82'),
('5254ca98-9c5e-424d-8e6c-edabd7e4a92c', 'ОП Игнатий', '(906)405-77-28'),
('f4343a66-1ad4-449a-aac1-458aa0bdfb3b', 'ЗАО Октябрьское (Хант.)ПромЛимитед', '(911)653-50-20'),
('95524126-2bbd-45d4-be86-cb54f7f21cc0', 'ФГУП СтавропольИнкорпорэйтедРус', '(998)476-15-53'),
('42df5518-8a41-4ee5-bc07-76d3dbf96654', 'НКО МытищиСистемс', '(976)803-40-72'),
('7f2c6e6e-db36-4ae0-95c5-9790680c678e', 'ООО Старый ОсколЛимитедСбытРус', '(995)564-57-77'),
('85b43866-072b-456b-a012-5d4ea4d87847', 'ИП ТрейдПромСистемс', '(997)814-47-74'),
('1283ac8e-1bb4-4beb-b36a-5b3291ed5e10', 'ОАО Доронин', '(958)293-97-97'),
('7d5638a4-75a0-4e6b-a563-24af0674b643', 'ООО Соболев', '(993)699-60-29'),
('8740913b-4241-47a3-b2fc-097696d40b8a', 'МУП БелоярскийТоргЛимитедСбыт', '(919)976-52-33'),
('2a5f50d1-09b9-4668-816f-84ba3fc9aae6', 'ФГУП ФатежЛимитед', '(961)972-35-57'),
('360c0d3f-bef5-4d69-8976-513b176058fc', 'НКО ЕльняСистемсТоргПром', '(923)038-85-10'),
('3219a483-dad2-4a1d-9f05-97fbbba4651f', 'ГУП Казаков', '(955)735-40-56'),
('e63b26df-16e8-40f3-b522-11a3c5ab6397', 'ОАО СоболевоТоргИнкорпорэйтед', '(964)407-58-96'),
('2a56263f-474a-4bb4-9ef3-d5a9d5272ab4', 'ФГУП СнабТрейд', '(964)297-78-92'),
('f671b6ab-16b4-4e46-bc11-8f801e39889d', 'ИП ГубкинРусИнкорпорэйтед', '(967)510-34-39'),
('484643dd-202a-493a-84a9-9af62bec19de', 'ГУП Агинское (Забайк.)СистемсИнкорпорэйтед', '(974)897-27-32'),
('23f09678-cab8-4e50-bf2d-56396cbe22b4', 'ПАО Нижний ТагилРус', '(951)977-56-97'),
('f87f0855-877f-422f-b2e9-68869cd77f49', 'НКО Рыбаков', '(932)774-25-40'),
('c0d165c3-9240-45d6-adad-f14fc775e193', 'AO Горшков', '(988)649-80-06'),
('e0095d96-6edc-43ff-8e99-b25c68e1db8f', 'ИП ГруппСнабСбыт', '(917)878-03-57'),
('539d5b62-f100-4648-8d4f-69244a21caa0', 'ОП СбытИнкорпорэйтедСбыт', '(978)017-24-86'),
('b0d17554-5824-4a12-9709-77fae0e0e859', 'ГУП Нефтегорск (Самар.)ГруппЛимитед', '(988)666-36-69'),
('a7fc09a8-c814-447f-8973-668cac9eaa24', 'ОАО СистемсРус', '(950)394-10-59'),
('338a7d5e-3f8e-4163-994c-4e67ae7a5caf', 'ТСЖ ПушкинСистемс', '(992)932-54-65'),
('28586aa8-1bca-481a-93da-22168e343d99', 'МУП СистемсРусЛимитед', '(917)818-85-32');

insert into product_6qy values
('ed87aa05-fdd2-414e-a1cb-26b033a561fb', 'Spot-breasted Oriole R79', 'часы', 'HUAWEI', 5, 'пластик', 1, 19, 17, 37, 2022, 2024, 'Android', 'желтый'),
('74d1a326-2cb1-4954-8e4f-d4650f53ab04', 'Great Black-backed Gull G21', 'часы', 'Apple', 1, 'пластик', 1, 20, 19, 81, 2016, 2020, 'iOS', 'желтый'),
('7d7ced7d-15dd-4cce-af62-6e66000fa162', 'Short-tailed Hawk F76', 'смартфоны', 'HONOR', 4, 'стекло', 8, 186, 89, 232, 2023, null, 'Android', 'белый'),
('7843b861-c567-4587-ae14-5708ea969114', 'Vermilion Flycatcher M18', 'часы', 'Apple', 4, 'пластик', 2, 37, 36, 38, 2018, 2020, 'iOS', 'белый'),
('44221cca-3612-4d83-89bb-b845e3a89059', 'Narcissus Flycatcher H43', 'часы', 'Amazfit', 2, 'пластик', 1, 20, 16, 59, 2016, 2020, 'Android', 'белый'),
('d27c473a-4270-4bb4-b062-208962532368', 'Manx Shearwater X6', 'мониторы', 'Acer', 2, 'стекло', 32, 325, 626, 1471, 2017, 2021, 'Linux', 'синий'),
('962e18c6-883f-4809-8572-ee78e1d5eb22', 'Common Crane V81', 'ноутбуки', 'ASUS', 4, 'пластик', 13, 164, 280, 1568, 2020, 2022, 'Windows', 'желтый'),
('6a79f833-79f9-4f80-a155-4fde658bcb27', 'Wandering Tattler J95', 'ноутбуки', 'Dell', 3, 'стекло', 16, 207, 352, 1100, 2022, null, 'Linux', 'желтый'),
('56ce9eef-75c2-4af7-b163-fabf40a925ba', 'Le Conte''s Sparrow C30', 'мониторы', 'Lenovo', 5, 'стекло', 33, 369, 720, 2018, 2016, 2019, 'Linux', 'желтый'),
('72197370-1ddc-4964-b76f-b31bca51269e', 'Mongolian Plover L87', 'смартфоны', 'HUAWEI', 1, 'стекло', 7, 160, 72, 269, 2016, 2017, 'Android', 'серый'),
('2ac1eba8-72d2-4c2d-9933-8be76b5325c0', 'Sandhill Crane D46', 'смартфоны', 'realme', 1, 'стекло', 6, 138, 69, 206, 2021, 2023, 'Android', 'желтый'),
('d2096bd6-cee9-47b5-afe0-ede34e49084a', 'Black-footed Albatross I43', 'смартфоны', 'OnePlus', 2, 'пластик', 9, 206, 99, 143, 2023, null, 'Android', 'желтый'),
('3ac02c71-1566-4ffa-a937-c848df927cdd', 'Mangrove Cuckoo C45', 'электронные книги', 'TeXet', 5, 'стекло', 5, 115, 64, 196, 2021, 2024, 'Android', 'красный'),
('cf6b52e1-f17e-4b48-b8ed-4811364cda50', 'Kentucky Warbler F15', 'смартфоны', 'Oppo', 4, 'стекло', 8, 186, 85, 121, 2019, 2022, 'Android', 'серый'),
('a37f4683-41fd-4a71-976e-6c876cd606e8', 'Great Blue Heron R44', 'ноутбуки', 'ASUS', 3, 'стекло', 15, 194, 312, 1890, 2019, 2022, 'Windows', 'синий'),
('bb579ea9-36c3-4226-8c11-63d18958b47c', 'Bean Goose S32', 'смартфоны', 'Google', 2, 'пластик', 9, 208, 98, 244, 2022, 2023, 'Android', 'белый'),
('e6076487-c7fd-46b1-b406-35b6aa62ea66', 'Black Catbird V53', 'ноутбуки', 'Xiaomi', 5, 'пластик', 15, 200, 345, 1984, 2023, null, 'Windows', 'серый'),
('60dbc72e-003c-453b-9dd0-e9261a96d5ea', 'Phainopepla S28', 'мониторы', 'MSI', 3, 'стекло', 29, 306, 710, 1993, 2023, null, 'Linux', 'красный'),
('48ca7217-da6f-4f34-8ced-e6822bd013c5', 'Eastern Wood-Pewee O76', 'смартфоны', 'HONOR', 1, 'стекло', 7, 163, 75, 161, 2022, 2023, 'Android', 'красный'),
('df323f9e-5d30-4420-892c-6b693ea925fe', 'Purple Martin A13', 'часы', 'HONOR', 4, 'пластик', 2, 39, 32, 94, 2019, 2021, 'Android', 'синий'),
('d347bb0f-5208-4b41-8f90-d34118e98454', 'Common Cuckoo O29', 'электронные книги', 'TeXet', 4, 'стекло', 10, 230, 102, 263, 2021, 2023, 'Android', 'серый'),
('f383200c-be0b-406a-a687-ba4ebaed23a9', 'Rusty Blackbird S48', 'смартфоны', 'Meizu', 1, 'пластик', 7, 163, 78, 276, 2023, null, 'Android', 'белый'),
('4dd23669-afab-48a2-92bf-4cd437ce530d', 'Brandt''s Cormorant V23', 'электронные книги', 'Irbis', 3, 'пластик', 12, 269, 149, 208, 2022, 2024, 'Android', 'серый'),
('431d87d0-2b70-4f5e-9b88-91b8a8c0dff5', 'Yellow Grosbeak J20', 'ноутбуки', 'MSI', 2, 'стекло', 17, 223, 359, 1416, 2023, null, 'Windows', 'черный'),
('d02812a1-b817-429d-a0a2-acb50befcb99', 'Phainopepla E42', 'электронные книги', 'Bookeen', 5, 'стекло', 9, 201, 102, 282, 2014, 2015, 'Android', 'зеленый'),
('e320bb38-1f31-45ba-a83f-7727270d8243', 'Cassin''s Auklet H50', 'часы', 'Amazfit', 2, 'стекло', 1, 19, 17, 27, 2019, 2022, 'Android', 'белый'),
('06dbaa12-7136-45d4-8477-5a0685e715fd', 'Northern Shrike O73', 'смартфоны', 'HUAWEI', 4, 'стекло', 9, 209, 98, 150, 2015, 2016, 'Android', 'серый'),
('b1aff02b-3d38-4e3b-a77b-f4eb774dedeb', 'Violet-green Swallow S33', 'мониторы', 'MSI', 3, 'стекло', 29, 307, 669, 1665, 2015, 2016, 'Linux', 'желтый'),
('746e3831-5b96-4147-8524-7cd1ad3d6bc8', 'Virginia Rail I49', 'часы', 'Samsung', 3, 'стекло', 2, 37, 31, 22, 2017, 2021, 'Android', 'зеленый'),
('252924a6-cd76-455a-b62c-0eba1f9f2f2d', 'Spotted Towhee M87', 'смартфоны', 'realme', 4, 'стекло', 8, 184, 84, 271, 2017, 2020, 'Android', 'желтый'),
('a203cbc9-6cb0-4527-9d15-b154578cc91f', 'Northern Pygmy-Owl O88', 'смартфоны', 'Xiaomi', 2, 'стекло', 5, 115, 55, 140, 2022, null, 'Android', 'черный'),
('7d6ff5d3-4780-41f2-b703-3442f0e40cdf', 'Burrowing Owl S51', 'мониторы', 'ASUS', 3, 'стекло', 28, 328, 589, 1783, 2018, 2022, 'Android', 'синий'),
('c211a255-c56a-42c3-a03d-9b013249967e', 'Marsh Sandpiper D69', 'смартфоны', 'Oppo', 5, 'пластик', 7, 163, 74, 272, 2019, 2022, 'Android', 'белый'),
('092e1ca3-9d36-4bc5-a1c4-f5477d8d31fa', 'Gray-headed Chickadee F12', 'часы', 'Samsung', 5, 'пластик', 1, 19, 19, 83, 2019, 2021, 'Android', 'белый'),
('3c8d44e4-ba86-4f86-92e4-6afcfe936ad6', 'Tufted Titmouse T92', 'часы', 'Redmi', 4, 'пластик', 1, 20, 20, 52, 2023, 2024, 'Android', 'желтый'),
('38b809e8-4f6f-47de-86b8-ab4f03dfb000', 'Wood Sandpiper O1', 'смартфоны', 'OnePlus', 5, 'стекло', 5, 117, 57, 139, 2022, null, 'Android', 'желтый'),
('a3bc8530-a168-425f-9163-1f0f5b81b3de', 'Red-crowned Parrot S98', 'смартфоны', 'HONOR', 5, 'пластик', 5, 116, 51, 148, 2018, 2022, 'Android', 'синий'),
('c1c3732b-cd01-4bda-b815-9848a6ce4d9b', 'Brown Jay V49', 'смартфоны', 'realme', 1, 'стекло', 9, 210, 96, 288, 2019, 2020, 'Android', 'белый'),
('2686f417-d37f-4973-a342-6c43d23e8e28', 'Spotted Towhee U70', 'мониторы', 'Xiaomi', 5, 'пластик', 24, 256, 580, 1013, 2015, 2017, 'Linux', 'синий'),
('761ab6c0-a638-4088-8262-e055ae1f3947', 'Bristle-thighed Curlew I98', 'мониторы', 'Lenovo', 4, 'стекло', 27, 275, 580, 2658, 2021, 2023, 'Linux', 'зеленый'),
('edd19ba1-38ea-4e8a-b048-1aef9535fdd4', 'Lanceolated Warbler Q99', 'ноутбуки', 'Xiaomi', 4, 'стекло', 15, 194, 327, 1117, 2023, null, 'Windows', 'белый'),
('1ae19a5c-4a2d-4d78-83e4-9bd2c8029a3e', 'Ivory Gull E69', 'электронные книги', 'Irbis', 3, 'пластик', 6, 140, 68, 174, 2020, 2023, 'Android', 'черный'),
('0fecbaf3-603a-4453-8d1e-3b7d2f562c28', 'White-faced Ibis R11', 'электронные книги', 'Irbis', 5, 'пластик', 5, 112, 58, 132, 2018, 2021, 'Android', 'желтый'),
('a289a6c8-f998-43c9-97d1-3731e447db0d', 'Chestnut-backed Chickadee Q71', 'ноутбуки', 'Dell', 2, 'стекло', 16, 206, 355, 1460, 2019, 2021, 'Linux', 'желтый'),
('9035cdc1-bef7-4955-b339-d5c0456240e8', 'Lucifer Hummingbird Y63', 'смартфоны', 'HONOR', 5, 'пластик', 9, 209, 101, 259, 2016, 2020, 'Android', 'белый'),
('4171bc33-86a5-4c8f-896b-c39790caaaab', 'Pallas''s Bunting A4', 'ноутбуки', 'Acer', 3, 'стекло', 15, 198, 334, 1899, 2016, 2020, 'Windows', 'белый'),
('7c06a04c-ba89-440e-ae65-30ad38c4b530', 'Purple Gallinule G21', 'часы', 'Redmi', 1, 'стекло', 2, 38, 33, 15, 2019, 2021, 'Android', 'серый'),
('e9763fe8-926d-4833-b957-753deac65c53', 'Slate-throated Redstart M63', 'смартфоны', 'Sony', 2, 'стекло', 9, 207, 101, 166, 2020, 2024, 'Android', 'синий'),
('de3d841f-0499-4aba-8936-c758b1dbb41b', 'Caspian Tern Y81', 'электронные книги', 'Irbis', 3, 'стекло', 7, 158, 77, 188, 2023, 2024, 'Android', 'серый'),
('c7edb6f3-aeb0-4ae2-9b3e-f0d66a69b07d', 'Oriental Turtle-Dove V31', 'электронные книги', 'Digma', 5, 'пластик', 12, 278, 143, 277, 2018, 2022, 'Android', 'желтый'),
('dd0ada2d-35b8-49d7-b44e-36b37af584fb', 'Ash-throated Flycatcher U55', 'смартфоны', 'realme', 2, 'пластик', 9, 207, 92, 288, 2023, null, 'Android', 'зеленый'),
('7bf44626-0785-438f-9c6d-4453a3e31c33', 'Black-backed Woodpecker Y4', 'часы', 'Redmi', 1, 'пластик', 1, 19, 17, 96, 2016, 2019, 'Android', 'серый'),
('63c5d4f7-686a-42a4-af8b-55951e143eec', 'Black-headed Grosbeak U11', 'смартфоны', 'OnePlus', 2, 'пластик', 6, 137, 64, 155, 2017, 2021, 'Android', 'черный'),
('40aebc8b-55ce-4390-98d1-4f93cedfc1ee', 'Semipalmated Plover Z67', 'мониторы', 'Lenovo', 5, 'пластик', 34, 349, 762, 1357, 2017, 2020, 'Android', 'серый'),
('dfd7dca3-0954-4947-93c0-f08907fbbb69', 'Mississippi Kite Y86', 'смартфоны', 'HUAWEI', 3, 'пластик', 6, 140, 70, 156, 2015, 2018, 'Android', 'синий'),
('379fa1cd-0092-485a-bc2a-8355b8f34f42', 'Himalayan Snowcock M85', 'ноутбуки', 'Acer', 5, 'стекло', 16, 203, 346, 1658, 2019, 2020, 'Windows', 'серый'),
('4fc85f72-f008-4361-a086-fbfe7deac3fa', 'Mallard S99', 'ноутбуки', 'Dell', 4, 'пластик', 15, 201, 355, 1280, 2016, 2018, 'Windows', 'белый'),
('0d0b3243-3795-4de2-876b-eed2ad8699dd', 'Ruby-crowned Kinglet R53', 'электронные книги', 'Amazon', 3, 'пластик', 6, 140, 66, 132, 2018, 2019, 'Android', 'синий'),
('dd473be6-f872-4d40-8954-d3eac28dd815', 'Bank Swallow V88', 'электронные книги', 'Amazon', 2, 'стекло', 7, 157, 74, 222, 2022, null, 'Android', 'серый'),
('1fd07b2e-ccdc-417c-9bfe-2188b5fd06dd', 'Hermit Warbler D41', 'часы', 'HUAWEI', 2, 'пластик', 1, 20, 18, 28, 2021, null, 'Android', 'серый'),
('c0e0bce7-8a2f-4a54-a54e-05a002a0a144', 'Forster''s Tern O17', 'мониторы', 'HP', 2, 'пластик', 26, 322, 626, 2784, 2017, 2018, 'Linux', 'белый'),
('c2d5c5e6-f9cc-4510-a4db-c5c3eef641ad', 'Lazuli Bunting H53', 'смартфоны', 'Xiaomi', 2, 'пластик', 6, 137, 63, 179, 2019, 2022, 'Android', 'черный'),
('c5646fde-5fc1-4dec-9b19-a0fd0d2095db', 'Crissal Thrasher M16', 'ноутбуки', 'Apple', 1, 'пластик', 13, 175, 307, 1574, 2016, 2018, 'iOS', 'зеленый'),
('d4cd17e4-851b-4aed-9b8e-8c7b86b360bd', 'Hairy Woodpecker S3', 'мониторы', 'Xiaomi', 3, 'стекло', 33, 335, 705, 2531, 2017, 2018, 'Linux', 'синий'),
('e4d94e37-e75f-4f61-ac98-61435542395e', 'Upland Sandpiper V18', 'смартфоны', 'Google', 5, 'стекло', 6, 137, 63, 174, 2018, 2021, 'Android', 'желтый'),
('1ab20cad-754d-4163-9528-dd5cc5164a61', 'Hudsonian Godwit J38', 'смартфоны', 'Meizu', 5, 'стекло', 8, 185, 92, 103, 2017, 2020, 'Android', 'красный'),
('64363d4f-73fb-4e24-bb54-01c4ecdc3773', 'Red Crossbill L43', 'мониторы', 'Xiaomi', 5, 'стекло', 29, 302, 652, 1592, 2018, 2020, 'Android', 'серый'),
('ae20d199-49ed-49a9-a8d6-4aea0ef46cfd', 'Hammond''s Flycatcher Y93', 'ноутбуки', 'ASUS', 3, 'пластик', 13, 171, 303, 1769, 2020, 2024, 'Windows', 'синий'),
('7adf08d0-46d8-4078-9826-3212a5c50d9c', 'Song Sparrow I63', 'мониторы', 'MSI', 5, 'пластик', 34, 402, 791, 1410, 2019, 2020, 'Linux', 'зеленый'),
('bee85c77-4dc2-46cc-8262-6efaccc1c4b2', 'Red-billed Pigeon K31', 'часы', 'Redmi', 3, 'стекло', 1, 21, 17, 62, 2015, 2017, 'Android', 'желтый'),
('43c59910-eed1-4d83-8ea4-c3cce3d2e46b', 'Acorn Woodpecker C72', 'часы', 'Samsung', 3, 'пластик', 1, 21, 20, 55, 2019, 2022, 'Android', 'черный'),
('deace585-af3c-407f-a6b3-c22d26719665', 'Dark-eyed Junco D61', 'мониторы', 'ASUS', 2, 'стекло', 25, 255, 462, 2224, 2024, null, 'Linux', 'зеленый'),
('f068b8a2-8a7d-4248-b3c5-65b63e77940e', 'Ash-throated Flycatcher Z86', 'смартфоны', 'realme', 5, 'стекло', 5, 115, 53, 272, 2016, 2018, 'Android', 'синий'),
('e56a23a9-6a83-41b4-bf45-64b5bb01fb35', 'Black Catbird N38', 'смартфоны', 'HUAWEI', 3, 'стекло', 8, 185, 86, 251, 2021, 2023, 'Android', 'серый'),
('64645e38-a0cb-412e-8c19-e6d71da0ebff', 'Least Tern S33', 'часы', 'Redmi', 1, 'стекло', 2, 41, 34, 47, 2021, 2022, 'Android', 'синий'),
('4172accb-ddf5-4735-8458-32a5b888107b', 'Killdeer X89', 'часы', 'HONOR', 5, 'пластик', 2, 37, 29, 25, 2024, null, 'Android', 'черный'),
('1f8f8e74-8a6c-4268-ba65-eb015cbf244e', 'Eurasian Wryneck I21', 'смартфоны', 'OnePlus', 1, 'пластик', 7, 163, 78, 176, 2017, 2019, 'Android', 'зеленый'),
('7e44036b-fdac-4646-a449-b3e28a9fe11c', 'Curve-billed Thrasher X36', 'часы', 'Apple', 2, 'пластик', 1, 19, 19, 38, 2024, null, 'iOS', 'желтый'),
('ae74ed58-6816-4348-aace-0d49d2e6531b', 'Pinyon Jay R79', 'часы', 'HUAWEI', 3, 'стекло', 1, 19, 18, 43, 2015, 2017, 'Android', 'желтый'),
('8002ac22-1fcc-4b7c-bcd6-06c3a6e832e2', 'Oriental Cuckoo F24', 'мониторы', 'Dell', 3, 'пластик', 28, 346, 795, 2173, 2018, 2019, 'Android', 'черный'),
('e055db8e-b51b-4780-9d4a-dce2177188a1', 'Snowy Plover K82', 'мониторы', 'ASUS', 2, 'стекло', 22, 250, 503, 1465, 2017, 2021, 'Android', 'серый'),
('57f9df37-afcf-4a14-bcb8-397d013157f7', 'Ashy Storm-Petrel N93', 'электронные книги', 'PocketBook', 2, 'пластик', 6, 136, 61, 298, 2016, 2017, 'Android', 'зеленый'),
('2c00bdc4-1c5e-4cde-8f10-2fe72b37080d', 'American Oystercatcher F3', 'смартфоны', 'realme', 4, 'стекло', 9, 208, 94, 112, 2016, 2019, 'Android', 'синий'),
('d59cc307-a476-4871-a6e4-900ebc8f9df1', 'Louisiana Waterthrush E56', 'электронные книги', 'Bookeen', 2, 'пластик', 12, 279, 125, 161, 2019, 2020, 'Android', 'синий'),
('2d41097a-28cd-44fe-a0b2-0f8f82fae58e', 'Crimson-collared Grosbeak Z54', 'смартфоны', 'Samsung', 4, 'пластик', 6, 140, 65, 200, 2023, null, 'Android', 'белый'),
('3ae2b2c8-08af-4b9c-8f7b-f47166cef0d3', 'White-collared Swift C38', 'мониторы', 'Lenovo', 2, 'пластик', 30, 355, 794, 2639, 2021, 2023, 'Linux', 'белый'),
('558781e5-4fb3-48a7-811d-1037677581ea', 'Black-footed Albatross B80', 'часы', 'Apple', 3, 'стекло', 1, 19, 15, 90, 2022, null, 'iOS', 'зеленый'),
('f5c9ffd0-d9d3-45e4-b22c-df98a0e2c76a', 'Red-tailed Hawk Q78', 'ноутбуки', 'HP', 4, 'пластик', 15, 193, 329, 1084, 2022, null, 'Windows', 'серый'),
('b6dfcec8-44a7-42d6-817d-df823e0d2438', 'Pigeon Guillemot D13', 'смартфоны', 'POCO', 4, 'пластик', 9, 209, 99, 138, 2019, 2021, 'Android', 'синий'),
('93f38b95-149b-4b37-a142-779282d7a084', 'Green-tailed Towhee V27', 'мониторы', 'Samsung', 4, 'стекло', 33, 347, 657, 2242, 2017, 2020, 'Android', 'красный'),
('3a14fd57-2dbc-4c68-ad89-e301d4f8599a', 'Black Swift O26', 'мониторы', 'MSI', 1, 'стекло', 24, 298, 680, 1408, 2019, 2022, 'Linux', 'серый'),
('04fc7c29-7c74-4a25-86c7-0a63992b4736', 'Sulphur-bellied Flycatcher J2', 'электронные книги', 'Digma', 3, 'стекло', 7, 163, 76, 275, 2018, 2021, 'Android', 'синий'),
('520bb4e0-7775-4ec8-8e31-c186f8c81c1e', 'Double-crested Cormorant U8', 'мониторы', 'Lenovo', 2, 'пластик', 24, 267, 531, 1841, 2017, 2020, 'Android', 'желтый'),
('a06570e9-f590-45a4-a1b8-77ac0d502cdf', 'California Thrasher N1', 'мониторы', 'LG', 1, 'пластик', 30, 354, 642, 2855, 2015, 2017, 'Android', 'белый'),
('e06cd57f-dea0-4346-8bb3-adccf875753a', 'Black-headed Gull K58', 'смартфоны', 'POCO', 2, 'стекло', 9, 208, 102, 242, 2021, 2024, 'Android', 'зеленый'),
('0613dc9f-5f8c-4b38-89ce-537c593e141f', 'Blue Mockingbird M92', 'часы', 'HUAWEI', 2, 'стекло', 2, 41, 38, 94, 2020, 2024, 'Android', 'зеленый'),
('291945c3-f963-4b9f-8f6f-10b1d5872317', 'Song Sparrow C49', 'ноутбуки', 'Apple', 5, 'пластик', 15, 187, 300, 1664, 2014, 2017, 'iOS', 'синий'),
('28c0bdf7-3acc-4d89-818f-75102016755a', 'Eyebrowed Thrush H4', 'ноутбуки', 'Lenovo', 2, 'пластик', 17, 212, 362, 1835, 2020, 2022, 'Windows', 'желтый'),
('d4696a9e-1691-41ac-bea9-c232c57a9f15', 'Cooper''s Hawk T10', 'мониторы', 'ASUS', 2, 'стекло', 31, 342, 651, 2893, 2020, 2021, 'Android', 'красный'),
('23eff023-35b6-4f9a-bc55-3f1fc5a4f29f', 'Northern Shoveler G90', 'мониторы', 'Acer', 4, 'пластик', 21, 230, 499, 2423, 2022, 2024, 'Linux', 'белый'),
('f1bb704a-f487-4c28-89b3-96f67735467c', 'Gray Silky-flycatcher F26', 'смартфоны', 'Meizu', 2, 'стекло', 9, 207, 100, 167, 2016, 2020, 'Android', 'серый'),
('4a6ab465-c6d3-40fc-a5fc-3ec4509b1bf1', 'Eared Grebe W27', 'ноутбуки', 'ASUS', 5, 'пластик', 17, 229, 401, 1630, 2018, 2019, 'Linux', 'желтый'),
('e7225bab-decb-4021-b300-4c112844425a', 'White-eyed Vireo U67', 'мониторы', 'Lenovo', 1, 'пластик', 30, 309, 583, 2124, 2017, 2019, 'Android', 'зеленый'),
('6b655891-1af8-4fab-bab7-c79ab825e924', 'Roadside Hawk T94', 'электронные книги', 'PocketBook', 3, 'стекло', 12, 273, 154, 197, 2014, 2017, 'Android', 'зеленый'),
('3cec31de-2a20-47a0-a6fb-eaa469eb8b54', 'Bridled Tern P69', 'часы', 'Samsung', 4, 'пластик', 2, 39, 37, 22, 2019, 2022, 'Android', 'красный'),
('0078d1fa-63b0-4d40-9e6a-20dc98dea13b', 'Say''s Phoebe F51', 'электронные книги', 'TeXet', 4, 'стекло', 11, 244, 123, 233, 2019, 2021, 'Android', 'красный'),
('e29d18ed-6e48-4e02-8191-9ad6c7b6b831', 'Wilson''s Plover Y1', 'ноутбуки', 'HP', 5, 'стекло', 17, 212, 340, 1356, 2023, null, 'Linux', 'зеленый'),
('6120b521-a3e3-4e41-b7bd-ff42d15a110f', 'Hooded Merganser G79', 'смартфоны', 'Samsung', 5, 'стекло', 5, 115, 52, 196, 2024, null, 'Android', 'красный'),
('819735f2-fb58-45e3-8150-5f90ccf0e5ba', 'Long-billed Curlew W94', 'смартфоны', 'Oppo', 5, 'пластик', 7, 162, 76, 289, 2014, 2018, 'Android', 'зеленый'),
('ceddd1dc-5412-4a07-a1b6-5b6704f98874', 'Yellow-green Vireo Q79', 'электронные книги', 'Amazon', 4, 'стекло', 8, 184, 91, 187, 2023, 2024, 'Android', 'черный'),
('a6e7a821-b04f-4d30-8de4-87cdb20d7e21', 'Cattle Egret P29', 'смартфоны', 'HUAWEI', 3, 'стекло', 5, 117, 53, 215, 2019, 2021, 'Android', 'зеленый'),
('c6264d0f-6ccd-406a-89f1-dde5d26281de', 'Northern Harrier P96', 'мониторы', 'HP', 2, 'пластик', 20, 207, 429, 1348, 2017, 2018, 'Linux', 'белый'),
('03310349-fc6e-40a7-84cc-9b14353062bc', 'Red-breasted Flycatcher U19', 'часы', 'Apple', 5, 'пластик', 2, 37, 35, 75, 2018, 2020, 'iOS', 'черный'),
('43240355-55a0-467c-bff8-7db714506cac', 'Limpkin U56', 'часы', 'Samsung', 5, 'пластик', 2, 41, 36, 89, 2015, 2017, 'Android', 'желтый'),
('b7ef2950-e68d-4d56-b5f0-468c32743b2b', 'Eurasian Collared-Dove S10', 'мониторы', 'Lenovo', 2, 'стекло', 26, 310, 565, 2503, 2020, 2023, 'Linux', 'черный'),
('ebde48f6-b0ce-48db-833d-cf211eb69cef', 'Black Tern L41', 'ноутбуки', 'Apple', 4, 'пластик', 16, 201, 335, 1417, 2022, null, 'iOS', 'желтый'),
('ed99f851-29ee-4a47-baa0-19bdc19df48b', 'Horned Lark T29', 'часы', 'Apple', 5, 'стекло', 2, 41, 36, 60, 2015, 2018, 'iOS', 'зеленый'),
('501fcb0a-0e3e-4a14-83fd-e74a8ac70467', 'Brown Creeper W72', 'часы', 'Amazfit', 5, 'стекло', 2, 40, 40, 62, 2018, 2020, 'Android', 'серый'),
('78c9ee3d-3443-4937-ab8b-aa5532882d03', 'Spoonbill Sandpiper H62', 'мониторы', 'Lenovo', 2, 'стекло', 25, 298, 541, 1517, 2017, 2021, 'Linux', 'синий'),
('f46ae95f-0691-4148-8334-7f4ccc88f426', 'Common Black-Hawk N66', 'смартфоны', 'POCO', 3, 'пластик', 6, 138, 62, 175, 2019, 2022, 'Android', 'желтый'),
('8d0bb966-6bbf-40e6-a003-ed31520e5d4e', 'Red-necked Grebe H11', 'часы', 'Samsung', 2, 'стекло', 1, 19, 18, 70, 2023, null, 'Android', 'синий'),
('8d2a46f8-e6b5-4eed-bc28-53bfc0f0b778', 'Bendire''s Thrasher G66', 'ноутбуки', 'ASUS', 3, 'стекло', 16, 210, 346, 1445, 2015, 2018, 'Windows', 'зеленый'),
('371ed329-3bc6-4713-ad2d-145922323d48', 'Cinnamon Hummingbird J73', 'электронные книги', 'Irbis', 5, 'стекло', 9, 202, 93, 215, 2015, 2018, 'Android', 'серый'),
('b391e818-7064-44d4-a87a-702a523327d6', 'Spot-billed Duck B76', 'мониторы', 'HP', 2, 'пластик', 34, 380, 699, 2771, 2022, null, 'Android', 'черный'),
('d67de4b3-5007-4129-b863-398e6559b6c8', 'Streak-backed Oriole J66', 'ноутбуки', 'Lenovo', 4, 'стекло', 13, 168, 284, 1184, 2019, 2020, 'Linux', 'красный'),
('d33f3fba-2885-4a2d-87f7-be92279a50de', 'Spotted Owl W11', 'смартфоны', 'Apple', 2, 'стекло', 7, 160, 79, 220, 2016, 2017, 'iOS', 'красный'),
('9ac021f2-908f-4e29-a004-d014a7e2f6a9', 'Lark Bunting D6', 'ноутбуки', 'Apple', 2, 'стекло', 16, 206, 366, 1563, 2020, 2023, 'iOS', 'серый'),
('3e53329d-6078-4a63-b659-b74629ce5782', 'Flame-colored Tanager I30', 'электронные книги', 'Digma', 4, 'пластик', 5, 113, 64, 257, 2016, 2019, 'Android', 'белый'),
('cbc41619-e1b7-437a-9cd0-f798222a42f6', 'Steller''s Sea-Eagle M31', 'смартфоны', 'HONOR', 5, 'стекло', 8, 186, 91, 157, 2016, 2018, 'Android', 'желтый'),
('faac90ee-9753-4e71-a7a6-bc1182db6a8e', 'Northern Shoveler Z29', 'мониторы', 'MSI', 1, 'пластик', 26, 266, 561, 1384, 2023, null, 'Linux', 'серый'),
('96d9c303-1390-4d33-a038-5a43532a91f7', 'White-faced Storm-Petrel N13', 'мониторы', 'ASUS', 2, 'пластик', 30, 365, 762, 2948, 2020, 2022, 'Android', 'серый'),
('4af20b10-017a-4ca3-b98b-652a516171d0', 'Loggerhead Shrike J54', 'мониторы', 'Dell', 1, 'пластик', 34, 407, 769, 2091, 2020, 2023, 'Linux', 'красный'),
('aec430f5-7f0f-481c-8be2-4254657a9a73', 'European Turtle-Dove J97', 'ноутбуки', 'Xiaomi', 3, 'стекло', 16, 202, 348, 1053, 2022, null, 'Linux', 'красный'),
('676d523e-03be-4ce1-b61c-f4c8de39c02c', 'Willow Ptarmigan V69', 'электронные книги', 'Bookeen', 1, 'пластик', 8, 187, 96, 227, 2015, 2019, 'Android', 'синий'),
('34d286d4-9d58-4dd6-b17b-a4b0aec81376', 'California Condor L72', 'часы', 'Amazfit', 1, 'стекло', 2, 39, 39, 13, 2015, 2018, 'Android', 'черный'),
('c9435484-cc47-4c0d-a9f3-acfddd4c28c0', 'Hooded Warbler N53', 'электронные книги', 'Bookeen', 4, 'пластик', 5, 116, 55, 219, 2020, 2021, 'Android', 'желтый'),
('ae4dffe0-98b0-4fb9-ad9d-83836d388db7', 'Northern Hawk Owl W9', 'часы', 'Samsung', 4, 'пластик', 1, 20, 18, 31, 2019, 2023, 'Android', 'черный'),
('25dc04d0-dfbf-4120-a303-2f6d17b7fb20', 'Sky Lark F95', 'электронные книги', 'Irbis', 5, 'пластик', 11, 247, 138, 180, 2016, 2017, 'Android', 'желтый'),
('c8e53257-6182-4360-b5de-ad12ca525ed1', 'Semipalmated Sandpiper Y91', 'часы', 'Amazfit', 1, 'пластик', 1, 20, 19, 63, 2017, 2021, 'Android', 'синий'),
('1572df3e-bfb3-40f3-9892-10417e8fc275', 'Common Grackle H87', 'ноутбуки', 'Dell', 3, 'стекло', 13, 173, 303, 1248, 2022, 2023, 'Windows', 'желтый'),
('40e4e050-b0c7-4c22-a189-d3dcc658ebdf', 'Lesser White-fronted Goose Q16', 'ноутбуки', 'ASUS', 1, 'пластик', 17, 228, 366, 1733, 2015, 2016, 'Windows', 'зеленый'),
('b163fa5f-b1e4-4725-9316-ca66fa17c6dd', 'White-tipped Dove Q76', 'смартфоны', 'Meizu', 3, 'стекло', 5, 115, 54, 203, 2022, 2024, 'Android', 'черный'),
('b55fd7f1-42da-48a6-b9e4-e7168b77c3a2', 'Grace''s Warbler U38', 'ноутбуки', 'ASUS', 3, 'стекло', 13, 165, 285, 1277, 2016, 2020, 'Windows', 'серый'),
('73ae3cf5-d302-4ec3-8180-c351b6f36f82', 'Neotropic Cormorant Q43', 'смартфоны', 'Meizu', 2, 'пластик', 7, 160, 78, 231, 2021, 2023, 'Android', 'синий'),
('3317cbd4-be3b-418d-8a9d-f737ebad139d', 'Ladder-backed Woodpecker L86', 'мониторы', 'MSI', 2, 'стекло', 25, 266, 507, 1780, 2023, 2024, 'Android', 'желтый'),
('e4351fa6-7820-4343-85c7-418c62918960', 'Broad-billed Sandpiper E36', 'смартфоны', 'HONOR', 4, 'стекло', 8, 184, 83, 181, 2020, 2023, 'Android', 'красный'),
('6acd87eb-fcfe-459f-9889-9e0b6ce497a4', 'Greater Yellowlegs A50', 'часы', 'Samsung', 2, 'стекло', 2, 41, 41, 74, 2018, 2020, 'Android', 'желтый'),
('605cad17-1a00-4279-951b-20ec12440944', 'Gull-billed Tern B92', 'электронные книги', 'PocketBook', 3, 'стекло', 5, 113, 52, 191, 2020, 2023, 'Android', 'черный'),
('27dc2ec9-4eab-417d-953d-16581778bb13', 'Curve-billed Thrasher A36', 'мониторы', 'LG', 2, 'пластик', 26, 271, 494, 1031, 2015, 2017, 'Linux', 'белый'),
('9fa77203-8a4f-48af-a84b-b83186cf34b9', 'Limpkin K50', 'ноутбуки', 'MSI', 3, 'стекло', 14, 186, 317, 1176, 2019, 2022, 'Linux', 'желтый'),
('c5dfa348-093d-4ca7-9525-e3e70fb2e511', 'Eared Trogon Q65', 'мониторы', 'Acer', 4, 'стекло', 24, 255, 498, 2143, 2021, 2022, 'Android', 'синий'),
('0852b018-20bf-491e-af9c-96e528afaf00', 'Great Auk G62', 'ноутбуки', 'HP', 2, 'стекло', 16, 206, 335, 1890, 2020, 2021, 'Linux', 'красный'),
('c5d8006a-528b-4faf-9a6f-47c106288175', 'Little Curlew I12', 'мониторы', 'Xiaomi', 4, 'пластик', 27, 330, 678, 2261, 2019, 2021, 'Linux', 'зеленый'),
('6205d936-213d-4323-9dae-7bc25b358d69', 'Shiny Cowbird T6', 'мониторы', 'Lenovo', 2, 'пластик', 30, 327, 604, 2004, 2015, 2018, 'Linux', 'зеленый'),
('e15504da-6d1f-4570-84d2-d96acb9f656f', 'Common Pochard T5', 'электронные книги', 'TeXet', 3, 'пластик', 9, 205, 97, 213, 2016, 2020, 'Android', 'зеленый'),
('0eb2aad6-1362-4fa0-8e11-0c33e516f0f6', 'Great-tailed Grackle P70', 'электронные книги', 'Amazon', 5, 'пластик', 5, 113, 53, 117, 2023, null, 'Android', 'красный'),
('c72b9055-9df3-4326-ab85-b5ecbf250932', 'Scissor-tailed Flycatcher W49', 'часы', 'Apple', 2, 'пластик', 2, 38, 30, 69, 2014, 2016, 'iOS', 'черный'),
('c0f069b4-5bde-4fb4-ad64-ef7d8c36c717', 'Pectoral Sandpiper L57', 'ноутбуки', 'MSI', 4, 'стекло', 16, 209, 371, 1655, 2022, 2024, 'Windows', 'красный'),
('c749055e-4920-4d3a-a222-3e5a0c0a0739', 'King Eider T72', 'мониторы', 'MSI', 3, 'стекло', 33, 367, 804, 2709, 2018, 2020, 'Linux', 'красный'),
('a32bfaae-7777-43dd-8c11-f49ef1160342', 'Yucatan Vireo F69', 'электронные книги', 'Bookeen', 2, 'пластик', 5, 111, 60, 288, 2015, 2019, 'Android', 'желтый'),
('a9e25e2f-4498-4215-8b7f-a1a833529e23', 'Flesh-footed Shearwater N42', 'ноутбуки', 'ASUS', 1, 'пластик', 14, 175, 300, 1475, 2015, 2017, 'Linux', 'синий'),
('e45f0b7c-2a10-49e2-b1d8-c106466c168f', 'Iceland Gull Q17', 'электронные книги', 'Irbis', 2, 'пластик', 8, 186, 95, 255, 2019, 2021, 'Android', 'зеленый'),
('e150ac5d-d69a-4d2d-bd0b-fe290ed0a7ac', 'Black Scoter F3', 'часы', 'Samsung', 4, 'стекло', 1, 21, 17, 62, 2018, 2020, 'Android', 'синий'),
('bf7d5675-40b1-4b7c-9b3a-f9e438088da4', 'American Black Duck F61', 'смартфоны', 'HUAWEI', 1, 'пластик', 9, 207, 101, 258, 2021, 2024, 'Android', 'зеленый'),
('c6dfa583-20e5-4b81-8108-3586d0ea083b', 'Forster''s Tern F88', 'смартфоны', 'Meizu', 1, 'стекло', 5, 114, 57, 221, 2019, 2021, 'Android', 'синий'),
('f81de376-cc89-4c29-9c9a-5b80bdd8ad10', 'Gray-headed Chickadee F32', 'смартфоны', 'Google', 3, 'стекло', 7, 162, 75, 120, 2020, 2024, 'Android', 'красный'),
('ff3648cb-6993-4864-88c2-84e2537f897c', 'Northern Lapwing V89', 'ноутбуки', 'MSI', 1, 'стекло', 13, 168, 273, 1169, 2014, 2016, 'Windows', 'желтый'),
('ef7b78b2-b877-4c88-b706-1650ac60a055', 'Canvasback N22', 'смартфоны', 'Sony', 2, 'стекло', 8, 187, 89, 249, 2022, 2024, 'Android', 'белый'),
('5b8728b4-f006-48ef-bd4b-8df9281655b2', 'Black-capped Chickadee K66', 'смартфоны', 'Google', 5, 'стекло', 6, 140, 64, 255, 2021, 2022, 'Android', 'белый'),
('153b9c21-e188-4a29-be1c-be9c6a1eaaf5', 'Eurasian Coot Y12', 'ноутбуки', 'HP', 3, 'пластик', 14, 185, 321, 1279, 2020, 2022, 'Linux', 'белый'),
('855fd189-5008-47f4-8d65-b3fd9dc3f6e2', 'Black-winged Stilt M2', 'электронные книги', 'Bookeen', 3, 'пластик', 11, 249, 117, 125, 2019, 2020, 'Android', 'белый'),
('c1a500a6-35e8-4700-8242-a5adff852b94', 'Ringed Kingfisher C24', 'ноутбуки', 'ASUS', 1, 'пластик', 13, 164, 275, 1621, 2017, 2019, 'Linux', 'серый'),
('e8448508-bd85-48ef-ac89-c52fa487b704', 'Black Turnstone L74', 'смартфоны', 'Sony', 1, 'стекло', 9, 210, 105, 207, 2022, 2023, 'Android', 'черный'),
('8c2fa309-c1b0-40ad-a8ec-17234a32bab7', 'Sage Thrasher B52', 'мониторы', 'LG', 5, 'стекло', 34, 366, 688, 1662, 2023, 2024, 'Android', 'желтый'),
('9ee03ef0-c675-490c-ac55-011a38b9f427', 'Common Pochard I10', 'мониторы', 'HP', 2, 'стекло', 25, 312, 613, 2041, 2018, 2021, 'Linux', 'серый'),
('d011b434-67e8-4569-a37a-077ee77cb948', 'Black-chinned Sparrow Q73', 'смартфоны', 'Sony', 3, 'стекло', 9, 210, 105, 266, 2016, 2020, 'Android', 'зеленый'),
('737e3adf-34ce-43d5-b637-cbcc2e221a51', 'Black Storm-Petrel N76', 'часы', 'HUAWEI', 3, 'стекло', 1, 19, 18, 44, 2015, 2017, 'Android', 'желтый'),
('b13b0a3e-fab4-4fa8-9d8f-b3427c14bd39', 'Xantus''s Hummingbird U58', 'часы', 'Samsung', 2, 'пластик', 1, 20, 19, 65, 2018, 2021, 'Android', 'желтый'),
('10625108-eb46-4330-9b82-852ad8991a00', 'Merlin V76', 'мониторы', 'Lenovo', 5, 'стекло', 21, 220, 448, 1350, 2016, 2017, 'Android', 'белый'),
('255d0357-33bc-4fd6-8264-c162af7f4962', 'Plumbeous Vireo Y70', 'часы', 'HONOR', 4, 'пластик', 1, 20, 17, 66, 2017, 2021, 'Android', 'зеленый'),
('6bb45ca2-341f-4621-9fab-ab70701538ff', 'Blue-headed Vireo T44', 'электронные книги', 'Bookeen', 5, 'пластик', 11, 248, 132, 206, 2015, 2017, 'Android', 'желтый'),
('f93604c7-f83e-4907-95e9-fd8290d4f841', 'Spotted Rail R87', 'мониторы', 'ASUS', 2, 'стекло', 31, 327, 657, 1680, 2023, null, 'Android', 'красный'),
('52166670-4872-418d-b46a-50c7882e0891', 'Trumpeter Swan P40', 'электронные книги', 'PocketBook', 2, 'стекло', 8, 184, 85, 230, 2017, 2019, 'Android', 'синий'),
('7694d6ff-3d2d-4206-9ce5-2daab6f1eeb3', 'Crescent-chested Warbler J34', 'электронные книги', 'Digma', 2, 'стекло', 7, 161, 75, 167, 2022, null, 'Android', 'красный'),
('c17556dc-36bf-40d0-9f8d-d15a59281f25', 'Eastern Towhee L41', 'ноутбуки', 'HP', 3, 'стекло', 16, 205, 358, 1651, 2022, null, 'Linux', 'серый'),
('f4a906c3-ba78-485f-aec8-1b5dc7733396', 'Gila Woodpecker F47', 'часы', 'Amazfit', 5, 'пластик', 1, 19, 18, 37, 2020, 2023, 'Android', 'синий'),
('191f91f5-0524-4a16-a975-2e3f75e3654d', 'Abert''s Towhee H66', 'мониторы', 'Samsung', 2, 'пластик', 26, 274, 583, 1273, 2017, 2020, 'Linux', 'желтый'),
('84fa75d8-a9c9-402d-9562-fdd151bec838', 'Iceland Gull V64', 'часы', 'Amazfit', 2, 'пластик', 2, 37, 29, 50, 2022, null, 'Android', 'зеленый'),
('8a79e30e-ea30-4a73-8d91-208cb9d11842', 'Oriental Turtle-Dove I35', 'электронные книги', 'Digma', 4, 'пластик', 8, 179, 84, 192, 2019, 2020, 'Android', 'желтый'),
('0d66b651-adaa-44de-a18b-83735ef35ad6', 'Pine Warbler B43', 'мониторы', 'MSI', 3, 'пластик', 20, 206, 457, 1722, 2015, 2019, 'Linux', 'черный'),
('64fd3114-0b4c-44cf-94ee-afc7d4bdf9d1', 'Antillean Palm Swift P20', 'электронные книги', 'Digma', 3, 'пластик', 11, 245, 131, 160, 2015, 2018, 'Android', 'белый'),
('f212dbed-8086-4276-8bf1-5b6303f753a0', 'Shiny Cowbird V23', 'ноутбуки', 'Xiaomi', 1, 'стекло', 13, 172, 281, 1699, 2015, 2018, 'Linux', 'белый'),
('00d78d4c-7baa-4bd3-a643-5e44c9be1c54', 'Magnolia Warbler I33', 'часы', 'Amazfit', 5, 'стекло', 1, 21, 17, 17, 2015, 2018, 'Android', 'желтый'),
('07a838a5-da8c-48c0-af49-1c759eda7362', 'Greater Roadrunner C83', 'часы', 'Apple', 5, 'пластик', 2, 38, 30, 100, 2021, 2023, 'iOS', 'серый'),
('a6893d6b-1010-4cab-88a7-84ee17e4992f', 'Tawny-shouldered Blackbird F10', 'смартфоны', 'Google', 3, 'стекло', 6, 138, 64, 117, 2018, 2021, 'Android', 'черный'),
('abbf9546-cc3f-40e2-a0c0-39e9a9455aba', 'Sky Lark N87', 'мониторы', 'Xiaomi', 3, 'стекло', 34, 370, 664, 1686, 2018, 2019, 'Android', 'синий'),
('9fbc0990-465a-45fd-ae56-787e5ebf3d9c', 'Black-chinned Hummingbird U93', 'смартфоны', 'Oppo', 5, 'стекло', 5, 117, 57, 160, 2018, 2020, 'Android', 'черный'),
('16bea0fb-9777-4abd-83c0-71a0cb5fbe41', 'Eurasian Blackbird Z96', 'ноутбуки', 'ASUS', 1, 'стекло', 15, 194, 325, 1140, 2014, 2015, 'Linux', 'серый'),
('91e66289-6eda-45bb-a46a-150be5dde2e1', 'Ring-necked Pheasant L54', 'мониторы', 'LG', 5, 'пластик', 29, 291, 599, 2836, 2020, 2024, 'Linux', 'синий'),
('90f482eb-8f04-45a0-b60e-c3388d543d1e', 'Brown Jay J89', 'ноутбуки', 'Acer', 1, 'пластик', 13, 172, 286, 1970, 2015, 2016, 'Windows', 'серый'),
('add1e707-3970-4074-846a-fc5799d065c6', 'Purple Sandpiper Q30', 'смартфоны', 'HUAWEI', 4, 'пластик', 7, 163, 74, 148, 2019, 2021, 'Android', 'черный'),
('e818c480-8d61-4adb-9041-a02b20418fe8', 'White-throated Needletail C32', 'часы', 'Apple', 2, 'пластик', 1, 20, 17, 24, 2020, 2024, 'iOS', 'черный'),
('7e31d547-8563-407b-8f16-135217eaeeea', 'Steller''s Jay G39', 'мониторы', 'Lenovo', 1, 'стекло', 32, 395, 751, 1645, 2014, 2016, 'Linux', 'белый'),
('5bbadc84-c6ed-4888-b08c-6f2c0526fb46', 'Common Chaffinch G2', 'часы', 'Amazfit', 4, 'пластик', 2, 39, 36, 66, 2023, null, 'Android', 'синий'),
('bc9b2880-7279-4d0f-80ac-8e196382e2a1', 'Yellow Bittern H46', 'часы', 'Redmi', 5, 'стекло', 2, 39, 30, 89, 2021, 2022, 'Android', 'синий'),
('3443dfbc-ed26-45ed-91f5-53a7bea3e99e', 'Verdin V90', 'часы', 'Redmi', 5, 'стекло', 1, 20, 20, 27, 2020, 2023, 'Android', 'красный'),
('aad4ada9-6fc3-45a6-89cf-a6df46ab7569', 'Black-necked Stilt R73', 'часы', 'Amazfit', 4, 'пластик', 1, 19, 15, 94, 2022, 2023, 'Android', 'синий'),
('1aae89f8-a74f-4df0-adc1-d41e160341ec', 'Dark-eyed Junco D27', 'электронные книги', 'TeXet', 3, 'пластик', 8, 179, 83, 263, 2023, null, 'Android', 'черный'),
('422e6ece-0595-4d48-a0d7-faac6becdbd8', 'Emperor Goose L33', 'часы', 'Apple', 2, 'пластик', 2, 37, 30, 88, 2018, 2020, 'iOS', 'синий'),
('c674b305-a4bd-4d8f-bb78-30e0559bde18', 'Pyrrhuloxia V83', 'часы', 'Apple', 1, 'пластик', 1, 19, 16, 37, 2020, 2023, 'iOS', 'красный'),
('cb78080e-8383-471c-ac5f-b2a682c32978', 'Black Guillemot Q26', 'ноутбуки', 'Xiaomi', 3, 'стекло', 15, 188, 328, 1686, 2019, 2022, 'Linux', 'желтый'),
('1277a708-a4d4-465e-845e-98bae4373773', 'Inca Dove W85', 'часы', 'Apple', 5, 'пластик', 2, 40, 34, 44, 2018, 2020, 'iOS', 'серый'),
('557b69b6-bb12-4193-b73c-3ac7116dded0', 'Yucatan Vireo L8', 'ноутбуки', 'ASUS', 1, 'пластик', 13, 166, 287, 1385, 2022, 2023, 'Linux', 'черный'),
('df9a9c5b-1263-4137-ac63-feaa2cc52a31', 'Olive-backed Pipit P19', 'ноутбуки', 'Dell', 5, 'пластик', 13, 175, 282, 1063, 2022, 2024, 'Linux', 'синий'),
('eecd2b73-f0b3-4b45-9dbf-4df73ae4a714', 'Eurasian Bullfinch D12', 'ноутбуки', 'Xiaomi', 1, 'стекло', 14, 189, 320, 1573, 2018, 2021, 'Linux', 'желтый'),
('9a840af8-556f-41fb-a959-cb76eecb0c64', 'Gray Catbird Y90', 'мониторы', 'LG', 4, 'пластик', 21, 232, 530, 1717, 2016, 2018, 'Linux', 'серый'),
('b4f2a918-347f-491a-9512-580474938766', 'Greater Shearwater V81', 'смартфоны', 'HUAWEI', 2, 'пластик', 7, 161, 76, 258, 2015, 2017, 'Android', 'черный'),
('57ed5376-f86e-4bfe-85d9-f151ecdc4f01', 'Olive-sided Flycatcher B77', 'мониторы', 'LG', 1, 'стекло', 25, 305, 589, 2399, 2022, null, 'Android', 'черный'),
('589e5b17-6875-4f50-a33d-36b464b11e97', 'Yellow-breasted Bunting E78', 'смартфоны', 'Apple', 5, 'стекло', 7, 161, 78, 242, 2019, 2021, 'iOS', 'синий'),
('a99af457-d55a-4aa1-a258-3f72c7bd0164', 'Rock Sandpiper Z52', 'часы', 'Amazfit', 4, 'пластик', 2, 37, 30, 82, 2016, 2017, 'Android', 'красный'),
('1c18272e-7473-4762-a7d3-53d879ced256', 'Le Conte''s Sparrow U97', 'часы', 'HONOR', 4, 'стекло', 2, 40, 33, 52, 2023, null, 'Android', 'желтый'),
('8308f588-b1e0-49bb-9ed8-416566d62b22', 'Ring-billed Gull I95', 'часы', 'HONOR', 1, 'пластик', 1, 21, 18, 48, 2021, 2023, 'Android', 'черный'),
('e9664e50-a7d8-4e7d-a1f1-d0cc6098a650', 'Whimbrel A59', 'смартфоны', 'HONOR', 5, 'пластик', 8, 182, 88, 239, 2024, null, 'Android', 'черный'),
('51d11389-d8d8-417b-a7f5-0df09e9a4c8e', 'Green Heron K79', 'электронные книги', 'Bookeen', 4, 'стекло', 5, 113, 62, 122, 2021, null, 'Android', 'черный'),
('449ccf96-8c09-4164-a764-84000a250099', 'Slender-billed Curlew O34', 'электронные книги', 'Amazon', 2, 'пластик', 9, 208, 110, 191, 2023, null, 'Android', 'серый'),
('8f87cb7e-898a-47c3-bade-48385fe781a5', 'Bahama Swallow O77', 'часы', 'Redmi', 2, 'стекло', 2, 39, 37, 77, 2015, 2019, 'Android', 'синий'),
('36e72f9d-cd84-49cd-bf07-721eff7f4dc6', 'Black-chinned Hummingbird L45', 'мониторы', 'ASUS', 1, 'пластик', 23, 286, 629, 2627, 2022, 2023, 'Android', 'зеленый'),
('ac81ab0b-0630-4085-a962-9a7935d27f03', 'Horned Grebe Z37', 'ноутбуки', 'Lenovo', 4, 'стекло', 13, 163, 288, 1623, 2022, 2024, 'Linux', 'синий'),
('0beca7e2-fd72-431e-9492-b1b67b45ca22', 'Black-and-white Warbler R47', 'электронные книги', 'Bookeen', 5, 'стекло', 6, 140, 70, 286, 2022, null, 'Android', 'красный'),
('f44dbc79-7892-4524-aa03-5bdbcef220dd', 'Phainopepla Q91', 'мониторы', 'LG', 2, 'стекло', 31, 365, 748, 1149, 2017, 2018, 'Linux', 'синий'),
('1b95ae98-b5d7-417b-8017-b3503aabbada', 'Black-vented Shearwater H59', 'смартфоны', 'HUAWEI', 5, 'стекло', 9, 207, 95, 138, 2018, 2022, 'Android', 'серый'),
('5ddbde11-c6d5-46e4-9cfc-ca529f159f57', 'Buff-bellied Hummingbird Q31', 'часы', 'Apple', 4, 'пластик', 2, 41, 33, 86, 2016, 2018, 'iOS', 'зеленый'),
('5f602176-5724-4c22-8972-56412391d023', 'Pacific Loon J87', 'часы', 'Redmi', 5, 'стекло', 1, 20, 20, 33, 2017, 2020, 'Android', 'белый'),
('ff0b841f-cc43-4a13-b791-f6be05812c0e', 'Northern Pintail P75', 'смартфоны', 'Sony', 2, 'пластик', 8, 185, 86, 285, 2023, null, 'Android', 'серый'),
('8486afd8-51e1-4514-8147-4cb12ffb827a', 'Red-bellied Woodpecker U42', 'электронные книги', 'Digma', 3, 'стекло', 9, 209, 99, 106, 2023, 2024, 'Android', 'серый'),
('bb37c6be-32c0-40ed-95c8-be8fa75efa56', 'Cooper''s Hawk C25', 'часы', 'Samsung', 5, 'стекло', 1, 20, 20, 23, 2022, null, 'Android', 'синий'),
('9d852124-125c-4d4b-a756-4b1eeb4b4026', 'Mississippi Kite G61', 'ноутбуки', 'Xiaomi', 5, 'стекло', 14, 181, 312, 1988, 2020, 2024, 'Linux', 'зеленый'),
('44ef0c20-ebec-4673-8b4b-95209516c37f', 'Gray-crowned Rosy-Finch H31', 'мониторы', 'MSI', 5, 'пластик', 21, 259, 471, 1667, 2022, null, 'Android', 'серый'),
('a77b9eee-d482-4377-a92b-391662bf1f2b', 'Rough-legged Hawk Z10', 'электронные книги', 'PocketBook', 1, 'стекло', 11, 249, 110, 222, 2021, null, 'Android', 'белый'),
('9bd51aa1-d916-47a4-a887-e3b37fc43075', 'Collared Forest-Falcon T83', 'мониторы', 'ASUS', 1, 'пластик', 25, 261, 533, 2059, 2018, 2021, 'Linux', 'желтый'),
('661e5b2b-f350-47b5-abdb-4a010d9fc449', 'Evening Grosbeak X88', 'часы', 'Redmi', 1, 'пластик', 1, 20, 20, 59, 2024, null, 'Android', 'серый'),
('f83ce3fe-f804-4d5b-a314-e5e8d03e6bb6', 'Black-whiskered Vireo I97', 'смартфоны', 'POCO', 1, 'стекло', 7, 162, 73, 232, 2016, 2017, 'Android', 'синий'),
('7dea1f35-48c8-4ced-a928-1e515e3085c8', 'California Condor C47', 'электронные книги', 'PocketBook', 5, 'пластик', 12, 278, 129, 238, 2022, 2024, 'Android', 'черный'),
('1d10c31a-4cfb-4f00-a3a5-32a945671dda', 'Least Grebe B27', 'ноутбуки', 'MSI', 1, 'пластик', 13, 166, 292, 1316, 2017, 2020, 'Windows', 'зеленый'),
('deaf15f7-23bf-4dfc-9ca1-63dd6f6002d4', 'White-eared Hummingbird Z34', 'часы', 'HUAWEI', 3, 'пластик', 2, 40, 38, 92, 2019, 2023, 'Android', 'красный'),
('f9f3361e-6b3a-40a8-961f-bd5f8a00e58e', 'Blackpoll Warbler R60', 'часы', 'Apple', 3, 'стекло', 2, 39, 33, 65, 2020, 2024, 'iOS', 'серый'),
('a5ebad69-ceb2-4b5c-bf00-e464db6127c2', 'Tamaulipas Crow O62', 'часы', 'HONOR', 3, 'пластик', 1, 20, 18, 13, 2017, 2020, 'Android', 'синий'),
('f34567d8-9b4f-4c86-82fa-5e3b02bcb6d6', 'Oak Titmouse I59', 'мониторы', 'Samsung', 4, 'пластик', 23, 253, 544, 1154, 2017, 2019, 'Linux', 'красный'),
('f475fe01-8288-443c-8c11-8ea007768c63', 'White-chinned Petrel F61', 'часы', 'Apple', 2, 'стекло', 2, 37, 31, 36, 2018, 2021, 'iOS', 'желтый'),
('6aedaec8-f7ca-4efb-9956-6d68c8d4340e', 'Masked Booby T5', 'часы', 'Amazfit', 2, 'пластик', 2, 38, 37, 16, 2019, 2020, 'Android', 'серый'),
('ba001ae2-8980-428b-916c-12afd3664332', 'Brown Noddy L64', 'ноутбуки', 'Lenovo', 4, 'стекло', 15, 197, 344, 1373, 2022, 2023, 'Windows', 'красный'),
('7245b250-b27d-40aa-9574-11013cef037d', 'Barrow''s Goldeneye B24', 'часы', 'HONOR', 2, 'пластик', 1, 19, 16, 43, 2023, null, 'Android', 'красный'),
('b4055e75-93cc-499d-a1cf-954ea09516f9', 'Blue Bunting V68', 'мониторы', 'LG', 5, 'стекло', 26, 277, 587, 1885, 2016, 2019, 'Android', 'белый'),
('0ce4eeb8-440b-407f-b1cc-5021de8900a8', 'Yellow-legged Gull S93', 'ноутбуки', 'ASUS', 4, 'пластик', 17, 223, 361, 1837, 2018, 2020, 'Linux', 'черный'),
('cbf003e8-45f9-4239-bd73-be86ac39b9e4', 'Say''s Phoebe U92', 'смартфоны', 'HONOR', 4, 'стекло', 8, 186, 86, 213, 2018, 2022, 'Android', 'белый'),
('d79f37c6-b45b-4fa1-a4d2-4af4c7455de6', 'Western Scrub-Jay E84', 'смартфоны', 'HONOR', 2, 'пластик', 5, 115, 54, 127, 2015, 2017, 'Android', 'синий'),
('a4b04c21-9fb0-4137-bf90-ce160a512be2', 'Aztec Thrush O73', 'часы', 'HUAWEI', 4, 'стекло', 2, 39, 31, 82, 2023, 2024, 'Android', 'черный'),
('a770c023-92f9-46da-bb53-c729e1777da9', 'Spot-billed Duck M60', 'электронные книги', 'Amazon', 3, 'стекло', 12, 268, 142, 240, 2015, 2019, 'Android', 'синий'),
('92b8b596-1c33-4c1b-9402-9ee2fc6d22fa', 'Sandhill Crane E78', 'мониторы', 'Acer', 1, 'стекло', 31, 368, 819, 2206, 2017, 2021, 'Linux', 'серый'),
('2c4b68ab-e7b4-4aad-bdce-6695983ec2df', 'Red-billed Pigeon U74', 'мониторы', 'Acer', 5, 'пластик', 31, 384, 824, 1265, 2021, 2024, 'Android', 'красный'),
('68f484cf-653a-45ed-bc8b-b77d1dd0dc76', 'Black-crowned Night-Heron K15', 'часы', 'Apple', 2, 'пластик', 1, 20, 16, 84, 2014, 2016, 'iOS', 'синий'),
('a2a9fb5f-12f2-46e9-b1e0-2bdbb2d1a509', 'Groove-billed Ani X39', 'часы', 'HUAWEI', 2, 'стекло', 2, 41, 39, 90, 2015, 2019, 'Android', 'серый'),
('6a099dc0-21f4-4aa2-84e3-2d155c7e39a4', 'Three-toed Woodpecker U91', 'смартфоны', 'HONOR', 4, 'стекло', 6, 137, 64, 116, 2014, 2017, 'Android', 'серый'),
('7f62578f-aebf-4c0f-a594-02f5e5706aa9', 'Broad-billed Hummingbird D15', 'мониторы', 'Acer', 2, 'пластик', 25, 268, 610, 1707, 2018, 2022, 'Linux', 'синий'),
('8324c195-cbff-4393-b4ff-b322c4b43670', 'Ruby-crowned Kinglet J77', 'ноутбуки', 'Xiaomi', 1, 'пластик', 16, 213, 347, 1744, 2019, 2022, 'Windows', 'серый'),
('774292d7-5d49-4982-9f3c-d935349d2205', 'Northern Parula H13', 'часы', 'HUAWEI', 1, 'пластик', 2, 39, 39, 18, 2020, 2024, 'Android', 'красный'),
('1f3cb76a-92e4-4e7f-a011-891f2067da25', 'Pomarine Jaeger N24', 'мониторы', 'ASUS', 2, 'пластик', 34, 376, 766, 2417, 2017, 2018, 'Linux', 'красный'),
('61f98162-7245-492d-a555-0a6e02f6182b', 'Pine Siskin U42', 'мониторы', 'Xiaomi', 3, 'стекло', 26, 276, 642, 1521, 2017, 2019, 'Linux', 'красный'),
('1b9b14da-2c7b-4399-b5e8-cfc229e2d0e6', 'Connecticut Warbler N97', 'мониторы', 'Samsung', 5, 'пластик', 29, 313, 691, 1674, 2019, 2021, 'Android', 'серый'),
('aabb0fff-79ee-40d4-973b-82e30ec081f8', 'Swainson''s Thrush A89', 'электронные книги', 'TeXet', 4, 'пластик', 12, 272, 120, 119, 2023, null, 'Android', 'черный'),
('9ca7f54c-aa65-4f1a-b8d7-00a4a11c818d', 'Lesser White-fronted Goose D78', 'электронные книги', 'Amazon', 5, 'пластик', 11, 255, 136, 298, 2015, 2019, 'Android', 'красный'),
('8fcc2775-7475-4170-9683-2c019c158059', 'White-tailed Tropicbird Y81', 'часы', 'Redmi', 2, 'стекло', 2, 37, 33, 67, 2016, 2017, 'Android', 'белый'),
('3ffe14c6-a5e7-4bf3-acb3-6ca230048976', 'Red-breasted Nuthatch P58', 'смартфоны', 'Meizu', 2, 'пластик', 7, 162, 81, 239, 2017, 2019, 'Android', 'белый'),
('3cb2e714-7b5b-4ffc-bedf-434ad96483b3', 'Loggerhead Kingbird X82', 'ноутбуки', 'HP', 4, 'пластик', 15, 199, 349, 1071, 2014, 2016, 'Linux', 'красный'),
('e829799d-5390-4bac-bf3a-ca1813cc2cfd', 'Tricolored Heron U16', 'часы', 'HUAWEI', 1, 'пластик', 2, 38, 35, 98, 2023, null, 'Android', 'синий'),
('50af9d49-6d22-4434-ad1d-328b497b9ff7', 'Varied Thrush Q3', 'ноутбуки', 'Acer', 1, 'стекло', 14, 180, 306, 1389, 2016, 2020, 'Windows', 'черный'),
('f1db2f0b-e452-4a0e-a0aa-919607eb0ca4', 'Greater Prairie-chicken W81', 'мониторы', 'LG', 2, 'стекло', 32, 329, 630, 2751, 2014, 2018, 'Linux', 'синий'),
('8c1c020c-1831-4a9b-a1e4-3fdc5d88c9ec', 'Eastern Screech-Owl Q19', 'мониторы', 'Dell', 4, 'стекло', 20, 208, 422, 2684, 2023, 2024, 'Linux', 'зеленый'),
('af4b3f7b-3a14-410d-800b-7fb58ea3204b', 'Montezuma Quail H70', 'электронные книги', 'Digma', 5, 'пластик', 10, 232, 112, 209, 2020, 2022, 'Android', 'красный'),
('2e0159ef-892e-4631-ba26-39de74ff6a46', 'Snow Goose Q8', 'часы', 'Amazfit', 1, 'пластик', 2, 38, 36, 43, 2016, 2018, 'Android', 'красный'),
('b06b5b11-98e4-490c-95b5-a1ab0ae1658c', 'Ferruginous Pygmy-Owl T86', 'смартфоны', 'HONOR', 3, 'стекло', 7, 160, 74, 169, 2021, 2022, 'Android', 'желтый'),
('f7e7a232-0a1d-4977-a8a0-16b56f2be8d7', 'Black Phoebe V21', 'смартфоны', 'Samsung', 4, 'пластик', 9, 210, 95, 206, 2016, 2018, 'Android', 'белый'),
('092cd026-2f1f-43a9-82da-56fd0adde169', 'American Oystercatcher E46', 'ноутбуки', 'Acer', 5, 'пластик', 16, 206, 331, 1201, 2016, 2018, 'Windows', 'белый'),
('e80db8a6-99ac-46be-a135-f7cecbb77ff8', 'Plain Chachalaca U52', 'электронные книги', 'Bookeen', 2, 'стекло', 12, 273, 146, 211, 2018, 2019, 'Android', 'серый'),
('8bdf43a0-24a4-41e8-ba68-3b45ac5bc219', 'Cassin''s Finch S22', 'часы', 'HUAWEI', 3, 'стекло', 2, 38, 30, 71, 2021, 2023, 'Android', 'белый'),
('8e6c4fe2-a292-43ec-be61-32b7f71ea40e', 'Phainopepla B45', 'часы', 'HONOR', 1, 'пластик', 1, 19, 15, 75, 2015, 2016, 'Android', 'синий'),
('742b48af-28d6-4e64-a4f6-9cd0018f80b8', 'Ash-throated Flycatcher T78', 'смартфоны', 'Samsung', 4, 'пластик', 9, 207, 95, 267, 2022, 2023, 'Android', 'красный'),
('abe1f25e-8978-4974-ba0d-cfed581b8e85', 'Lewis''s Woodpecker O50', 'ноутбуки', 'HP', 4, 'стекло', 13, 164, 270, 1436, 2020, 2021, 'Linux', 'черный'),
('e207b049-a9b3-44ed-afe4-b3590bcd5958', 'Caribbean Elaenia G96', 'мониторы', 'HP', 1, 'пластик', 20, 240, 535, 1097, 2021, null, 'Android', 'серый'),
('940895ae-ee82-4943-a6ad-b500c546278f', 'Canyon Towhee T22', 'ноутбуки', 'MSI', 5, 'пластик', 13, 172, 279, 1375, 2016, 2019, 'Windows', 'черный'),
('49ca7b03-8f14-4293-88f2-95d278afa4c5', 'Spotted Dove V38', 'электронные книги', 'PocketBook', 3, 'стекло', 8, 178, 94, 281, 2016, 2017, 'Android', 'зеленый'),
('263162dd-2eaf-46f9-b41b-6262f78268db', 'Bristle-thighed Curlew I10', 'часы', 'Amazfit', 5, 'стекло', 2, 37, 37, 79, 2014, 2016, 'Android', 'белый'),
('6602cefb-9037-4239-9463-a4b18989abbd', 'Chukar R35', 'смартфоны', 'POCO', 1, 'пластик', 6, 137, 63, 194, 2022, null, 'Android', 'зеленый'),
('8ea782de-3408-4fd5-b358-122d95dc3388', 'Falcated Duck J24', 'смартфоны', 'Samsung', 2, 'пластик', 7, 163, 80, 207, 2023, null, 'Android', 'белый'),
('43776425-2f56-44ed-b148-a10e566b4f86', 'Eastern Meadowlark select vd.name from vendor_dms vd
join vendor_product_info_ieh vpii on vpii.vendor_id  = vd.id
join product_6qy pq on vpii.product_id = pq.idE14', 'электронные книги', 'Amazon', 4, 'стекло', 9, 209, 112, 213, 2014, 2016, 'Android', 'синий'),
('ead2deed-6f37-4f4c-bb8c-497fd89bc1a9', 'Carolina Parakeet U96', 'часы', 'Amazfit', 3, 'стекло', 1, 19, 17, 92, 2023, 2024, 'Android', 'черный'),
('0beea59d-fda6-4971-ba48-9288131abc22', 'Wood Thrush M43', 'ноутбуки', 'Apple', 1, 'стекло', 15, 194, 312, 1185, 2021, 2023, 'iOS', 'серый'),
('2253cddd-fd97-4771-b6c7-56b9f43977e9', 'Elegant Trogon I22', 'электронные книги', 'TeXet', 3, 'пластик', 8, 179, 93, 127, 2023, null, 'Android', 'синий'),
('e5690005-9bff-44a6-8081-8a871df949c8', 'Fieldfare L90', 'мониторы', 'Xiaomi', 2, 'стекло', 28, 337, 722, 1137, 2016, 2017, 'Android', 'красный'),
('46726b44-0beb-4034-891a-d4216be27407', 'Ring-necked Pheasant O15', 'мониторы', 'Lenovo', 4, 'пластик', 28, 345, 618, 2654, 2019, 2020, 'Android', 'желтый'),
('716edab7-aae9-43ed-81cc-00249c2a2941', 'Fork-tailed Storm-Petrel A46', 'часы', 'Apple', 4, 'стекло', 1, 19, 18, 62, 2019, 2022, 'iOS', 'черный'),
('faac0629-cc23-4e2b-95e5-b680cda22acf', 'Curlew Sandpiper K60', 'ноутбуки', 'HP', 1, 'пластик', 13, 174, 304, 1450, 2014, 2016, 'Linux', 'черный'),
('64ee0961-7cd9-4122-bf07-77c043fcdf77', 'Pileated Woodpecker W2', 'ноутбуки', 'Acer', 3, 'пластик', 14, 182, 317, 1438, 2020, 2021, 'Windows', 'серый'),
('72ab6669-6904-4b08-ba77-ffed034e0288', 'Snowy Egret D76', 'электронные книги', 'Digma', 4, 'стекло', 10, 232, 108, 264, 2014, 2018, 'Android', 'белый'),
('0242e1f6-ea71-4959-a4df-4849f113d89e', 'Pine Warbler D94', 'электронные книги', 'TeXet', 5, 'стекло', 7, 156, 72, 124, 2022, 2023, 'Android', 'зеленый'),
('5d963d94-c888-4fa7-88ad-01ed24c5f4ac', 'White-tailed Eagle Q77', 'мониторы', 'HP', 4, 'стекло', 26, 295, 639, 2153, 2017, 2020, 'Linux', 'красный'),
('c8462a48-d297-479a-84ac-7ce74238cfa8', 'Winter Wren Z77', 'мониторы', 'HP', 5, 'стекло', 21, 223, 464, 1100, 2014, 2016, 'Android', 'белый'),
('1800a7e1-cc56-40b4-9f60-4c6d8fb8df52', 'Forster''s Tern Z73', 'электронные книги', 'Amazon', 3, 'стекло', 10, 231, 128, 260, 2014, 2016, 'Android', 'серый'),
('a2f3bfad-c1e9-4a10-b461-142152561801', 'McKay''s Bunting W30', 'смартфоны', 'Samsung', 2, 'пластик', 6, 137, 68, 275, 2019, 2023, 'Android', 'синий'),
('b080514f-77e3-4506-a5f8-d13f195a77ad', 'Sage Grouse O44', 'смартфоны', 'OnePlus', 3, 'пластик', 5, 116, 57, 153, 2021, 2024, 'Android', 'синий'),
('03a53a88-a97d-4420-b35d-3a161b95cce2', 'Rock Wren V27', 'электронные книги', 'Digma', 4, 'пластик', 11, 252, 131, 165, 2019, 2023, 'Android', 'зеленый'),
('c3cfe7c5-c1d2-478b-94a8-e6d2c5f328f1', 'California Condor B82', 'мониторы', 'Samsung', 1, 'стекло', 30, 306, 634, 1478, 2014, 2016, 'Linux', 'белый'),
('cc05e49b-8dd0-40ff-9213-653528cfb983', 'Broad-billed Sandpiper V19', 'мониторы', 'Dell', 2, 'пластик', 34, 384, 870, 1304, 2019, 2020, 'Android', 'черный'),
('c41b10ba-7526-4400-926a-e69aab22ea26', 'Antillean Nighthawk N53', 'смартфоны', 'OnePlus', 5, 'стекло', 5, 116, 54, 141, 2022, null, 'Android', 'зеленый'),
('f1a79a72-a7b2-4333-842c-3fcac0760b72', 'Great Gray Owl K74', 'смартфоны', 'POCO', 2, 'стекло', 9, 210, 93, 187, 2022, 2024, 'Android', 'белый'),
('e580bc4a-668f-4e43-967f-fa21bc81235b', 'Eared Grebe K3', 'мониторы', 'Dell', 3, 'стекло', 27, 299, 659, 1742, 2021, null, 'Linux', 'белый'),
('84c23ea5-b54c-44dc-882b-61763f6d9f85', 'Short-tailed Shearwater K50', 'смартфоны', 'realme', 1, 'стекло', 8, 185, 87, 270, 2016, 2020, 'Android', 'синий'),
('6988bef9-60b1-4b0b-9148-b9fc1512a25a', 'Least Tern R50', 'часы', 'HONOR', 3, 'стекло', 2, 38, 30, 78, 2014, 2015, 'Android', 'синий'),
('7477dc84-cc53-4744-ab20-6550978e2dce', 'Acorn Woodpecker M2', 'ноутбуки', 'Lenovo', 4, 'пластик', 17, 220, 368, 1589, 2019, 2020, 'Windows', 'красный'),
('3cd25817-8fa5-4ae3-9b80-3e0140aead20', 'Smew T71', 'часы', 'Redmi', 5, 'пластик', 1, 21, 20, 99, 2021, null, 'Android', 'белый'),
('7987676b-6a7a-45dd-b0e3-d1214083a2bc', 'Swamp Sparrow Z49', 'смартфоны', 'HONOR', 5, 'пластик', 9, 209, 103, 155, 2024, null, 'Android', 'белый'),
('355e5f63-ec62-440e-a6f6-94901ae44111', 'Eurasian Kestrel K42', 'часы', 'HUAWEI', 5, 'пластик', 1, 21, 21, 75, 2014, 2016, 'Android', 'желтый'),
('42e32c3d-3320-47d5-8b0b-f71d886742e7', 'Black-vented Shearwater Q28', 'мониторы', 'Xiaomi', 4, 'стекло', 23, 269, 539, 2344, 2014, 2018, 'Android', 'белый'),
('8b348a3b-71da-4496-aa03-c142d8822f66', 'Tufted Duck V4', 'ноутбуки', 'MSI', 4, 'стекло', 15, 198, 319, 1938, 2022, 2024, 'Windows', 'зеленый'),
('e8d43502-66af-42ea-a53d-b84b0fb0a827', 'Ross''s Gull M34', 'мониторы', 'Xiaomi', 4, 'стекло', 24, 269, 581, 2552, 2014, 2018, 'Android', 'черный'),
('41afc83e-534a-4207-afc2-b8eceddf4c53', 'Red-throated Loon S78', 'часы', 'Xiaomi', 4, 'стекло', 1, 21, 18, 41, 2021, null, 'Android', 'черный'),
('3a27070e-bc31-4845-b58c-4137f9c9b715', 'Black Skimmer E26', 'часы', 'Apple', 3, 'пластик', 2, 39, 39, 93, 2015, 2017, 'iOS', 'белый'),
('abfa444a-74db-4a1b-b6f4-0b9bf0cbeeb4', 'Rufous Hummingbird T90', 'мониторы', 'Acer', 1, 'стекло', 24, 258, 482, 2052, 2019, 2020, 'Linux', 'синий'),
('5e401c84-7cce-493e-b1f3-b2fa7e7227e8', 'Brown Creeper U26', 'электронные книги', 'Irbis', 2, 'стекло', 9, 204, 102, 168, 2015, 2018, 'Android', 'красный'),
('1d20b64e-1039-44d3-a6f8-dbcdfe1eadcd', 'Horned Puffin F40', 'часы', 'Amazfit', 2, 'пластик', 1, 20, 18, 68, 2022, 2023, 'Android', 'красный'),
('9710f38c-f920-419c-9bd8-dc212f0f01f8', 'Eurasian Wigeon A82', 'электронные книги', 'Irbis', 2, 'пластик', 9, 202, 102, 267, 2014, 2016, 'Android', 'черный'),
('43b93e8e-bd4e-401b-a705-46f6da1160a2', 'Thick-billed Parrot D5', 'часы', 'HUAWEI', 3, 'пластик', 2, 39, 37, 86, 2015, 2016, 'Android', 'синий'),
('04a8d486-3793-4f30-870a-1482a2ab5c54', 'Craveri''s Murrelet C97', 'смартфоны', 'Sony', 5, 'пластик', 7, 162, 73, 274, 2015, 2019, 'Android', 'серый'),
('ac5636be-c660-4ff7-9b4a-a1ea49c1cafa', 'Sprague''s Pipit Q12', 'смартфоны', 'Samsung', 2, 'пластик', 9, 210, 102, 123, 2018, 2019, 'Android', 'серый'),
('4ed1cec5-1dd5-425c-9061-4b0ac3b39ff6', 'Band-tailed Pigeon Y40', 'ноутбуки', 'Acer', 5, 'пластик', 14, 180, 292, 1164, 2018, 2022, 'Linux', 'зеленый'),
('c9ff8943-8ab5-4f4f-8f27-7d71691c30df', 'Clapper Rail H38', 'смартфоны', 'HONOR', 5, 'стекло', 9, 208, 92, 111, 2021, 2024, 'Android', 'серый'),
('4043d37f-976b-4344-95c4-ef3c8bf17568', 'Blue Jay L54', 'электронные книги', 'Amazon', 2, 'стекло', 9, 209, 111, 259, 2021, 2022, 'Android', 'белый'),
('b8adaa7c-a065-4a70-b0cf-bc0e0a52143b', 'Bumblebee Hummingbird G10', 'ноутбуки', 'Xiaomi', 3, 'пластик', 13, 163, 268, 1207, 2022, null, 'Windows', 'серый'),
('c88bf603-0c61-4fc3-ba7f-7c223a5852a8', 'Blue Bunting Z87', 'ноутбуки', 'HP', 4, 'стекло', 15, 200, 354, 1756, 2023, null, 'Windows', 'зеленый'),
('a0e86c58-c0e2-46dc-b046-2d8b5adbb31d', 'Lesser Yellowlegs L67', 'часы', 'Amazfit', 5, 'пластик', 2, 38, 34, 76, 2015, 2018, 'Android', 'красный'),
('504dfb2e-8d95-444f-93d5-af206c87da96', 'Buff-bellied Hummingbird D3', 'смартфоны', 'Samsung', 1, 'стекло', 9, 210, 94, 273, 2021, 2022, 'Android', 'белый'),
('3de9b1f4-c679-4394-bf8f-0c5527645ae8', 'Marsh Wren E55', 'электронные книги', 'TeXet', 5, 'пластик', 9, 204, 115, 224, 2023, 2024, 'Android', 'зеленый'),
('afab296a-7828-4751-88d9-1088f7413e11', 'Mississippi Kite U50', 'смартфоны', 'Oppo', 3, 'пластик', 5, 114, 56, 182, 2019, 2020, 'Android', 'синий'),
('660dddd3-01d8-4880-a65d-888fe32a23b8', 'Golden-cheeked Warbler F93', 'ноутбуки', 'Acer', 1, 'стекло', 15, 188, 308, 1604, 2022, null, 'Linux', 'серый'),
('85378889-d053-4308-a416-19d223abc1a9', 'Tricolored Blackbird Y11', 'ноутбуки', 'MSI', 5, 'стекло', 14, 188, 302, 1388, 2015, 2016, 'Windows', 'белый'),
('697b01c1-7ead-4aee-a15c-27a135a681d8', 'Short-billed Dowitcher T67', 'часы', 'HONOR', 5, 'стекло', 1, 21, 19, 82, 2024, null, 'Android', 'белый'),
('d31174bf-6521-49ae-b976-232445235fab', 'Sedge Wren N66', 'ноутбуки', 'Dell', 4, 'стекло', 16, 203, 343, 1601, 2020, 2022, 'Linux', 'зеленый'),
('204c5521-cc46-4bfd-9161-9cd88b733d51', 'Hermit Warbler P44', 'мониторы', 'Xiaomi', 1, 'пластик', 32, 365, 747, 1965, 2015, 2018, 'Android', 'желтый'),
('1bd5f6c4-09af-41ca-bf87-f291cad6d811', 'White Ibis A86', 'ноутбуки', 'Lenovo', 4, 'пластик', 14, 176, 290, 1694, 2018, 2020, 'Linux', 'серый'),
('8fbbfa96-f67a-4ca5-94e0-2a5c039f6f5b', 'American Tree Sparrow M34', 'ноутбуки', 'Lenovo', 2, 'стекло', 17, 221, 388, 1540, 2020, 2022, 'Windows', 'желтый'),
('fc49cc23-7edc-4aad-866b-21c12a6fb573', 'Costa''s Hummingbird G40', 'часы', 'Redmi', 5, 'стекло', 2, 40, 34, 71, 2018, 2020, 'Android', 'желтый'),
('16b2fdae-ccd6-4ec6-acec-816a6027c926', 'Cooper''s Hawk T17', 'мониторы', 'Lenovo', 1, 'стекло', 30, 349, 774, 1781, 2021, 2022, 'Android', 'синий'),
('bbe2644c-428b-430c-bcd6-1c3d2dcaff85', 'Savannah Sparrow G85', 'мониторы', 'Dell', 4, 'пластик', 21, 223, 502, 1136, 2023, null, 'Linux', 'белый'),
('525e32c3-014e-4b5d-b0a3-e716d741eec4', 'House Sparrow P47', 'часы', 'Apple', 3, 'пластик', 1, 19, 18, 71, 2015, 2018, 'iOS', 'красный'),
('0ef4a8ef-0f1a-4fb0-87ae-f4011eed7d3b', 'Blue-throated Hummingbird C10', 'электронные книги', 'Amazon', 4, 'пластик', 9, 201, 103, 124, 2017, 2019, 'Android', 'синий'),
('5d150f86-16fd-43cf-a5a5-9d3ec5f24e81', 'Gray-crowned Rosy-Finch Y11', 'мониторы', 'ASUS', 1, 'пластик', 32, 351, 625, 1260, 2021, null, 'Linux', 'белый'),
('03ce5d6b-8d92-402f-a899-6dc31a8beaad', 'Parasitic Jaeger T77', 'электронные книги', 'TeXet', 1, 'стекло', 7, 161, 86, 100, 2018, 2021, 'Android', 'желтый'),
('d2cac438-3e5e-44bd-9aac-a88e07633a79', 'Blue-throated Hummingbird H30', 'смартфоны', 'Sony', 3, 'стекло', 9, 209, 97, 107, 2020, 2022, 'Android', 'зеленый'),
('8e8d4b96-71bb-4cd7-a229-c5dc3dfa3572', 'Tufted Puffin I95', 'ноутбуки', 'HP', 2, 'стекло', 17, 220, 357, 1440, 2018, 2021, 'Windows', 'зеленый'),
('94b590a6-b993-460b-970a-c7ea3e132c33', 'Greater Yellowlegs H66', 'мониторы', 'Xiaomi', 2, 'стекло', 23, 267, 531, 2143, 2016, 2020, 'Android', 'зеленый'),
('930774fc-0926-4ff2-9ceb-37f3434510ef', 'Golden-crowned Sparrow E83', 'мониторы', 'Xiaomi', 4, 'пластик', 34, 371, 727, 2111, 2019, 2021, 'Linux', 'серый'),
('6f9e6e00-6c4e-468f-bfde-00ed16e4badf', 'Steller''s Jay Y20', 'смартфоны', 'Sony', 4, 'стекло', 9, 210, 97, 194, 2021, 2024, 'Android', 'черный'),
('929314c5-95ef-49a2-a90a-bc50a2fb1fbc', 'Black-footed Albatross J3', 'мониторы', 'Dell', 5, 'стекло', 32, 345, 736, 2602, 2014, 2018, 'Linux', 'черный'),
('c9b8c1df-581c-43b5-af1d-5c01a7d94c8c', 'Gray-crowned Rosy-Finch W83', 'электронные книги', 'TeXet', 5, 'стекло', 9, 204, 92, 229, 2022, 2024, 'Android', 'синий'),
('10a51560-2eb4-43df-9aba-9843454408ad', 'Chestnut-sided Warbler K91', 'мониторы', 'MSI', 5, 'стекло', 21, 211, 484, 1868, 2024, null, 'Android', 'желтый'),
('7f5c8d7c-3584-46c8-a268-baa27c3daace', 'Boreal Chickadee G87', 'часы', 'Redmi', 4, 'пластик', 1, 19, 16, 21, 2018, 2021, 'Android', 'синий'),
('160c85b3-8334-4e3a-b1fe-98bf5ed750d1', 'American Kestrel C57', 'смартфоны', 'Samsung', 2, 'стекло', 9, 207, 100, 236, 2015, 2019, 'Android', 'серый'),
('dcd8ac75-3467-433d-b066-39b698c629a1', 'Violet-crowned Hummingbird S27', 'часы', 'Amazfit', 2, 'пластик', 2, 37, 29, 26, 2021, 2023, 'Android', 'синий'),
('1baad99a-ce9c-4fe7-a3db-d2b682860f34', 'Blackburnian Warbler H90', 'часы', 'HUAWEI', 3, 'стекло', 2, 38, 30, 50, 2017, 2021, 'Android', 'красный'),
('9ae571a6-9fb0-4e5d-ba61-f58f7c40e59c', 'Lincoln''s Sparrow D20', 'часы', 'Xiaomi', 2, 'стекло', 2, 41, 34, 40, 2021, 2023, 'Android', 'желтый'),
('db3e925a-b6b5-4305-8156-c2a7d51764e1', 'Short-billed Dowitcher A26', 'смартфоны', 'Xiaomi', 3, 'пластик', 8, 185, 85, 299, 2021, 2023, 'Android', 'черный'),
('32f9d790-f308-49f4-aef2-ad2001e575d7', 'Fish Crow B88', 'мониторы', 'Acer', 4, 'стекло', 21, 212, 491, 1360, 2014, 2017, 'Linux', 'зеленый'),
('86724b7e-6923-4afb-bb8d-ea844bc70260', 'Common Goldeneye Y89', 'мониторы', 'HP', 5, 'пластик', 29, 354, 757, 2309, 2018, 2020, 'Android', 'синий'),
('fd35f549-a1be-4278-910a-5a904da3b767', 'Canvasback G63', 'смартфоны', 'realme', 4, 'пластик', 5, 114, 51, 148, 2022, 2024, 'Android', 'синий'),
('3a1df591-b715-46db-b804-fcabc9cc8869', 'Virginia Rail M24', 'мониторы', 'Xiaomi', 5, 'пластик', 20, 202, 394, 2428, 2019, 2023, 'Android', 'серый'),
('ddbe27d4-9122-4fed-ae75-45a6ae8beee2', 'Leach''s Storm-Petrel O6', 'ноутбуки', 'Lenovo', 3, 'стекло', 13, 174, 293, 1941, 2014, 2015, 'Linux', 'красный'),
('ab3547ed-8571-42d2-a519-5feb93e26b94', 'Masked Tityra L93', 'часы', 'Samsung', 5, 'пластик', 2, 40, 38, 58, 2017, 2021, 'Android', 'желтый'),
('398897e2-61b8-43db-b2d3-876d6fb3a01f', 'Neotropic Cormorant O92', 'часы', 'Amazfit', 1, 'пластик', 2, 41, 36, 87, 2023, null, 'Android', 'белый'),
('016ca737-dab4-410f-a3ab-042f36982b4e', 'Pyrrhuloxia A1', 'ноутбуки', 'Acer', 3, 'пластик', 13, 166, 273, 1288, 2016, 2018, 'Linux', 'белый'),
('79eb7823-53b1-4365-8701-6576c2e1946d', 'Mangrove Cuckoo V89', 'электронные книги', 'Amazon', 4, 'стекло', 8, 179, 98, 273, 2014, 2017, 'Android', 'белый'),
('5ec10f1b-bdd3-4c1b-85d3-ff8966529573', 'Common Eider P79', 'ноутбуки', 'Xiaomi', 5, 'пластик', 16, 208, 335, 1744, 2022, 2023, 'Linux', 'желтый'),
('b5f786c8-5d83-4afe-90cd-9cae233f5051', 'Black-vented Shearwater R11', 'часы', 'Samsung', 3, 'стекло', 2, 37, 32, 61, 2023, null, 'Android', 'синий'),
('70efb929-f28f-4a5f-821c-3410beec541e', 'Ancient Murrelet L29', 'часы', 'Samsung', 1, 'пластик', 1, 20, 17, 92, 2017, 2019, 'Android', 'желтый'),
('0e2424b0-a410-40e4-a262-735614ccd7a2', 'Stilt Sandpiper D63', 'электронные книги', 'TeXet', 5, 'пластик', 10, 233, 128, 266, 2019, 2023, 'Android', 'черный'),
('0e2c893e-a1ef-4cc9-9028-952d87d7f98f', 'Ferruginous Hawk S45', 'часы', 'Redmi', 1, 'пластик', 2, 40, 32, 13, 2014, 2018, 'Android', 'белый'),
('94cffb8a-429b-4077-a1ca-f4e687bb2792', 'Buff-breasted Sandpiper H50', 'часы', 'Samsung', 1, 'стекло', 1, 19, 16, 29, 2017, 2020, 'Android', 'серый'),
('2b1bd306-166e-4bd1-9919-2fb796e1f602', 'Eurasian Siskin A54', 'электронные книги', 'Digma', 3, 'пластик', 7, 163, 92, 128, 2016, 2020, 'Android', 'белый'),
('83e68417-fc71-4a03-a477-ae1ef7f6cae5', 'Xantus''s Hummingbird Q2', 'часы', 'Apple', 4, 'пластик', 1, 21, 18, 91, 2015, 2016, 'iOS', 'желтый'),
('b324f14e-4854-44c7-93bd-7310a85f3349', 'Steller''s Jay S98', 'часы', 'HUAWEI', 4, 'стекло', 1, 19, 18, 83, 2015, 2017, 'Android', 'серый'),
('68e04751-5186-4621-904f-b843264f39f8', 'Paint-billed Crake P49', 'мониторы', 'HP', 2, 'пластик', 23, 270, 570, 2617, 2015, 2017, 'Linux', 'красный'),
('0c04fe5e-47a7-40f1-9d4e-d8c5215bc404', 'Mountain Quail L20', 'электронные книги', 'Digma', 2, 'пластик', 10, 231, 121, 298, 2023, 2024, 'Android', 'черный'),
('a2a44168-14b6-4f2c-b607-84bdbb2cb3bb', 'Great Spotted Woodpecker W65', 'мониторы', 'Samsung', 3, 'пластик', 26, 275, 595, 2351, 2020, 2021, 'Linux', 'синий'),
('c7327e08-a5ae-4eeb-b0cb-1ca8b44470bf', 'Hepatic Tanager L76', 'электронные книги', 'Bookeen', 5, 'стекло', 6, 134, 65, 188, 2020, 2021, 'Android', 'зеленый'),
('7baeeb50-a0ad-439c-be78-eacf7e64a13d', 'Northwestern Crow D45', 'ноутбуки', 'ASUS', 5, 'пластик', 16, 204, 347, 1555, 2018, 2019, 'Linux', 'красный'),
('eba15206-4973-4ec6-8c97-ecb6d6917412', 'Spotted Sandpiper B9', 'ноутбуки', 'Dell', 3, 'стекло', 16, 208, 334, 1433, 2017, 2021, 'Windows', 'желтый'),
('5c809480-0589-4eca-9070-28ead1b46d0f', 'Le Conte''s Thrasher N3', 'часы', 'Xiaomi', 4, 'стекло', 2, 37, 33, 92, 2022, 2023, 'Android', 'красный'),
('fd3fd3ad-032c-44ea-97ae-7b6a3631c159', 'American Bittern U66', 'смартфоны', 'Google', 1, 'пластик', 8, 185, 88, 214, 2021, null, 'Android', 'красный'),
('8ae4f31e-cef0-4c93-8ae9-454216697d58', 'Canada Goose Y58', 'смартфоны', 'Sony', 5, 'пластик', 6, 138, 62, 242, 2019, 2022, 'Android', 'зеленый'),
('174d1c80-b5e2-4865-8c28-61c2cc1a0ac1', 'Townsend''s Solitaire F26', 'мониторы', 'Samsung', 5, 'стекло', 21, 232, 490, 1587, 2024, null, 'Linux', 'красный'),
('288c4619-4b21-4fc6-92bf-0780bc28feaf', 'Wandering Tattler Z5', 'смартфоны', 'OnePlus', 1, 'стекло', 9, 206, 101, 163, 2018, 2021, 'Android', 'серый');

insert into transport_2xo values
('8f7543ab-6a24-4bf1-a885-266ee506ab1d', 'Man U68', '12', '16'),
('05279a70-7b67-4e10-88eb-a4db20d6204c', 'ЗИЛ I68', '29', '42'),
('bc97ba64-c896-4f2f-adb3-5e850ce67017', 'Isuzu F82', '9', '13'),
('23654440-4d73-43e6-8c19-c88edc77e4a8', 'Isuzu G13', '15', '17'),
('a2e6646c-23a8-4527-85f9-2a1e7f76c7a5', 'ЗИЛ R29', '26', '39'),
('f896295d-52dd-4bb5-be29-dbe927e97b1e', 'Isuzu B94', '26', '27'),
('2ff28b63-9697-4e93-8d05-60de261bb433', 'Man N22', '7', '11'),
('fd67b1cc-52c4-456d-9bdc-9c63c826a6f2', 'Mercedes Q8', '28', '40'),
('9b3430f9-46d7-4a64-873f-8bd612804b5a', 'Volvo U58', '23', '28'),
('84acd92c-0e68-4e43-97d2-1834cd51c0b0', 'Isuzu Q64', '8', '11'),
('0bf8d468-e1f1-4f64-becd-3b0632cd0cbc', 'ЗИЛ N20', '10', '12'),
('c4d588a8-a0dc-4c7b-85b4-a496b1ef6c0c', 'Man E19', '3', '4'),
('bee99a99-68be-4477-a398-f6389ada548e', 'Volvo V96', '30', '32'),
('d6bf45b1-e9e1-41c9-bbd5-7ad809fcc625', 'КАМАЗ E74', '12', '13'),
('cd6c4172-8b4b-43ab-8998-bfe3574ae4f2', 'КАМАЗ H65', '4', '6'),
('6824d419-b6f6-4bab-ac9e-9451cdea9b08', 'Volvo W60', '26', '34'),
('f54e2c3c-1792-48b2-a119-82129ff98c6a', 'Isuzu Z15', '11', '14'),
('087e56b2-023a-42cb-93a7-34e6cef688fb', 'Isuzu O19', '27', '28'),
('b495e20b-72a1-411e-8db2-74bb66eaeffc', 'Mercedes X30', '2', '3'),
('5a5cd4fb-4a07-42e8-b895-4b1ca652d281', 'Mercedes N55', '26', '34');

insert into vendor_product_info_ieh values
('b37fc96c-2bed-4ea2-ae34-336f0f6235c1', '93f38b95-149b-4b37-a142-779282d7a084', 92169, 8414),('b37fc96c-2bed-4ea2-ae34-336f0f6235c1', 'a06570e9-f590-45a4-a1b8-77ac0d502cdf', 69088, 3429),('b37fc96c-2bed-4ea2-ae34-336f0f6235c1', '43240355-55a0-467c-bff8-7db714506cac', 7656, 9377),('b37fc96c-2bed-4ea2-ae34-336f0f6235c1', '8f87cb7e-898a-47c3-bade-48385fe781a5', 14734, 3356),('b37fc96c-2bed-4ea2-ae34-336f0f6235c1', '8c1c020c-1831-4a9b-a1e4-3fdc5d88c9ec', 57057, 9774),('b37fc96c-2bed-4ea2-ae34-336f0f6235c1', '504dfb2e-8d95-444f-93d5-af206c87da96', 71010, 1306),('b37fc96c-2bed-4ea2-ae34-336f0f6235c1', '660dddd3-01d8-4880-a65d-888fe32a23b8', 201420, 4898),('b37fc96c-2bed-4ea2-ae34-336f0f6235c1', '6f9e6e00-6c4e-468f-bfde-00ed16e4badf', 28462, 3108),('93bb5445-1bb5-4f88-b233-1d661df11de8', '3cec31de-2a20-47a0-a6fb-eaa469eb8b54', 14652, 2293),('93bb5445-1bb5-4f88-b233-1d661df11de8', 'ceddd1dc-5412-4a07-a1b6-5b6704f98874', 26792, 3626),('93bb5445-1bb5-4f88-b233-1d661df11de8', '4af20b10-017a-4ca3-b98b-652a516171d0', 21666, 7470),('93bb5445-1bb5-4f88-b233-1d661df11de8', '9fa77203-8a4f-48af-a84b-b83186cf34b9', 227205, 7864),('93bb5445-1bb5-4f88-b233-1d661df11de8', '191f91f5-0524-4a16-a975-2e3f75e3654d', 32332, 9697),('93bb5445-1bb5-4f88-b233-1d661df11de8', 'f44dbc79-7892-4524-aa03-5bdbcef220dd', 59732, 3068),('93bb5445-1bb5-4f88-b233-1d661df11de8', '44ef0c20-ebec-4673-8b4b-95209516c37f', 92598, 2075),('93bb5445-1bb5-4f88-b233-1d661df11de8', '3cb2e714-7b5b-4ffc-bedf-434ad96483b3', 175004, 5322),('93bb5445-1bb5-4f88-b233-1d661df11de8', 'ac5636be-c660-4ff7-9b4a-a1ea49c1cafa', 148896, 3016),('93bb5445-1bb5-4f88-b233-1d661df11de8', 'a2a44168-14b6-4f2c-b607-84bdbb2cb3bb', 106038, 2242),('c77e4c9f-d28f-4fe0-900d-60b130b45ab5', 'bee85c77-4dc2-46cc-8262-6efaccc1c4b2', 11160, 7608),('c77e4c9f-d28f-4fe0-900d-60b130b45ab5', 'e4351fa6-7820-4343-85c7-418c62918960', 179826, 9242),('c77e4c9f-d28f-4fe0-900d-60b130b45ab5', 'df9a9c5b-1263-4137-ac63-feaa2cc52a31', 101010, 3454),('c77e4c9f-d28f-4fe0-900d-60b130b45ab5', '8f87cb7e-898a-47c3-bade-48385fe781a5', 13568, 8557),('c77e4c9f-d28f-4fe0-900d-60b130b45ab5', 'c3cfe7c5-c1d2-478b-94a8-e6d2c5f328f1', 63754, 8968),('c77e4c9f-d28f-4fe0-900d-60b130b45ab5', 'e8d43502-66af-42ea-a53d-b84b0fb0a827', 12500, 8501),('c77e4c9f-d28f-4fe0-900d-60b130b45ab5', 'a2a44168-14b6-4f2c-b607-84bdbb2cb3bb', 94428, 3429),('c77e4c9f-d28f-4fe0-900d-60b130b45ab5', '174d1c80-b5e2-4865-8c28-61c2cc1a0ac1', 62484, 2312),('6bbfe8e1-e7d0-484a-87a3-bf0c1b730e25', 'c211a255-c56a-42c3-a03d-9b013249967e', 52480, 8348),('6bbfe8e1-e7d0-484a-87a3-bf0c1b730e25', '8002ac22-1fcc-4b7c-bcd6-06c3a6e832e2', 34086, 7259),('6bbfe8e1-e7d0-484a-87a3-bf0c1b730e25', 'd33f3fba-2885-4a2d-87f7-be92279a50de', 182656, 4083),('6bbfe8e1-e7d0-484a-87a3-bf0c1b730e25', '0beca7e2-fd72-431e-9492-b1b67b45ca22', 18733, 4862),('6bbfe8e1-e7d0-484a-87a3-bf0c1b730e25', '64ee0961-7cd9-4122-bf07-77c043fcdf77', 140070, 9026),('6bbfe8e1-e7d0-484a-87a3-bf0c1b730e25', '4ed1cec5-1dd5-425c-9061-4b0ac3b39ff6', 160476, 8161),('6bbfe8e1-e7d0-484a-87a3-bf0c1b730e25', '86724b7e-6923-4afb-bb8d-ea844bc70260', 52882, 9420),('be5b7349-cbd5-461f-998d-fcde6cd1e856', '2ac1eba8-72d2-4c2d-9933-8be76b5325c0', 193781, 3391),('be5b7349-cbd5-461f-998d-fcde6cd1e856', '48ca7217-da6f-4f34-8ced-e6822bd013c5', 108062, 5885),('be5b7349-cbd5-461f-998d-fcde6cd1e856', 'd02812a1-b817-429d-a0a2-acb50befcb99', 13248, 9822),('be5b7349-cbd5-461f-998d-fcde6cd1e856', 'c211a255-c56a-42c3-a03d-9b013249967e', 57810, 6851),('be5b7349-cbd5-461f-998d-fcde6cd1e856', 'b4f2a918-347f-491a-9512-580474938766', 90852, 3373),('be5b7349-cbd5-461f-998d-fcde6cd1e856', '61f98162-7245-492d-a555-0a6e02f6182b', 117714, 5412),('be5b7349-cbd5-461f-998d-fcde6cd1e856', '6602cefb-9037-4239-9463-a4b18989abbd', 151088, 9129),('be5b7349-cbd5-461f-998d-fcde6cd1e856', '03ce5d6b-8d92-402f-a899-6dc31a8beaad', 13563, 5026),('be5b7349-cbd5-461f-998d-fcde6cd1e856', 'fd35f549-a1be-4278-910a-5a904da3b767', 61299, 3013),('be5b7349-cbd5-461f-998d-fcde6cd1e856', 'b5f786c8-5d83-4afe-90cd-9cae233f5051', 12236, 1913),('be5b7349-cbd5-461f-998d-fcde6cd1e856', '83e68417-fc71-4a03-a477-ae1ef7f6cae5', 10764, 5556),('be5b7349-cbd5-461f-998d-fcde6cd1e856', '288c4619-4b21-4fc6-92bf-0780bc28feaf', 83331, 4841),('5254ca98-9c5e-424d-8e6c-edabd7e4a92c', '38b809e8-4f6f-47de-86b8-ab4f03dfb000', 154940, 2432),('5254ca98-9c5e-424d-8e6c-edabd7e4a92c', 'ed99f851-29ee-4a47-baa0-19bdc19df48b', 18447, 6276),('5254ca98-9c5e-424d-8e6c-edabd7e4a92c', '1aae89f8-a74f-4df0-adc1-d41e160341ec', 8375, 2534),('5254ca98-9c5e-424d-8e6c-edabd7e4a92c', '1c18272e-7473-4762-a7d3-53d879ced256', 9344, 5764),('5254ca98-9c5e-424d-8e6c-edabd7e4a92c', 'b4055e75-93cc-499d-a1cf-954ea09516f9', 72150, 5734),('5254ca98-9c5e-424d-8e6c-edabd7e4a92c', '2e0159ef-892e-4631-ba26-39de74ff6a46', 10578, 4055),('5254ca98-9c5e-424d-8e6c-edabd7e4a92c', 'b080514f-77e3-4506-a5f8-d13f195a77ad', 124288, 3315),('5254ca98-9c5e-424d-8e6c-edabd7e4a92c', 'f1a79a72-a7b2-4333-842c-3fcac0760b72', 79232, 3389),('5254ca98-9c5e-424d-8e6c-edabd7e4a92c', '7477dc84-cc53-4744-ab20-6550978e2dce', 210056, 4588),('5254ca98-9c5e-424d-8e6c-edabd7e4a92c', '6f9e6e00-6c4e-468f-bfde-00ed16e4badf', 28034, 3810),('5254ca98-9c5e-424d-8e6c-edabd7e4a92c', '7f5c8d7c-3584-46c8-a268-baa27c3daace', 4953, 6163),('f4343a66-1ad4-449a-aac1-458aa0bdfb3b', 'c211a255-c56a-42c3-a03d-9b013249967e', 54530, 3308),('f4343a66-1ad4-449a-aac1-458aa0bdfb3b', 'e9763fe8-926d-4833-b957-753deac65c53', 148720, 9600),('f4343a66-1ad4-449a-aac1-458aa0bdfb3b', '43c59910-eed1-4d83-8ea4-c3cce3d2e46b', 15616, 8122),('f4343a66-1ad4-449a-aac1-458aa0bdfb3b', 'c5d8006a-528b-4faf-9a6f-47c106288175', 88704, 2281),('f4343a66-1ad4-449a-aac1-458aa0bdfb3b', 'bb37c6be-32c0-40ed-95c8-be8fa75efa56', 13970, 6955),('f4343a66-1ad4-449a-aac1-458aa0bdfb3b', '9bd51aa1-d916-47a4-a887-e3b37fc43075', 20020, 8500),('f4343a66-1ad4-449a-aac1-458aa0bdfb3b', '7dea1f35-48c8-4ced-a928-1e515e3085c8', 11837, 7546),('f4343a66-1ad4-449a-aac1-458aa0bdfb3b', 'f1db2f0b-e452-4a0e-a0aa-919607eb0ca4', 94686, 6070),('f4343a66-1ad4-449a-aac1-458aa0bdfb3b', '092cd026-2f1f-43a9-82da-56fd0adde169', 188270, 3821),('f4343a66-1ad4-449a-aac1-458aa0bdfb3b', '716edab7-aae9-43ed-81cc-00249c2a2941', 16750, 1691),('f4343a66-1ad4-449a-aac1-458aa0bdfb3b', 'eba15206-4973-4ec6-8c97-ecb6d6917412', 64320, 1478),('95524126-2bbd-45d4-be86-cb54f7f21cc0', '1f8f8e74-8a6c-4268-ba65-eb015cbf244e', 169946, 8533),('95524126-2bbd-45d4-be86-cb54f7f21cc0', '6120b521-a3e3-4e41-b7bd-ff42d15a110f', 32226, 6984),('95524126-2bbd-45d4-be86-cb54f7f21cc0', '501fcb0a-0e3e-4a14-83fd-e74a8ac70467', 14022, 4501),('95524126-2bbd-45d4-be86-cb54f7f21cc0', '25dc04d0-dfbf-4120-a303-2f6d17b7fb20', 24822, 5398),('95524126-2bbd-45d4-be86-cb54f7f21cc0', 'c5d8006a-528b-4faf-9a6f-47c106288175', 88032, 8371),('95524126-2bbd-45d4-be86-cb54f7f21cc0', 'e150ac5d-d69a-4d2d-bd0b-fe290ed0a7ac', 15867, 1659),('95524126-2bbd-45d4-be86-cb54f7f21cc0', 'abbf9546-cc3f-40e2-a0c0-39e9a9455aba', 22606, 9480),('95524126-2bbd-45d4-be86-cb54f7f21cc0', '5bbadc84-c6ed-4888-b08c-6f2c0526fb46', 16768, 8405),('95524126-2bbd-45d4-be86-cb54f7f21cc0', '1f3cb76a-92e4-4e7f-a011-891f2067da25', 51414, 2891),('95524126-2bbd-45d4-be86-cb54f7f21cc0', '2e0159ef-892e-4631-ba26-39de74ff6a46', 10332, 5326),('95524126-2bbd-45d4-be86-cb54f7f21cc0', 'abe1f25e-8978-4974-ba0d-cfed581b8e85', 81917, 1088),('95524126-2bbd-45d4-be86-cb54f7f21cc0', 'b5f786c8-5d83-4afe-90cd-9cae233f5051', 11224, 9861),('95524126-2bbd-45d4-be86-cb54f7f21cc0', '0c04fe5e-47a7-40f1-9d4e-d8c5215bc404', 6500, 2956),('42df5518-8a41-4ee5-bc07-76d3dbf96654', '1ab20cad-754d-4163-9528-dd5cc5164a61', 166370, 3346),('42df5518-8a41-4ee5-bc07-76d3dbf96654', 'e055db8e-b51b-4780-9d4a-dce2177188a1', 100096, 3592),('42df5518-8a41-4ee5-bc07-76d3dbf96654', 'ed99f851-29ee-4a47-baa0-19bdc19df48b', 19734, 9255),('42df5518-8a41-4ee5-bc07-76d3dbf96654', 'd67de4b3-5007-4129-b863-398e6559b6c8', 246882, 7135),('42df5518-8a41-4ee5-bc07-76d3dbf96654', '16bea0fb-9777-4abd-83c0-71a0cb5fbe41', 107863, 9908),('42df5518-8a41-4ee5-bc07-76d3dbf96654', 'cbf003e8-45f9-4239-bd73-be86ac39b9e4', 116688, 9143),('42df5518-8a41-4ee5-bc07-76d3dbf96654', '46726b44-0beb-4034-891a-d4216be27407', 72498, 9461),('7f2c6e6e-db36-4ae0-95c5-9790680c678e', '558781e5-4fb3-48a7-811d-1037677581ea', 15678, 8102),('7f2c6e6e-db36-4ae0-95c5-9790680c678e', '520bb4e0-7775-4ec8-8e31-c186f8c81c1e', 76815, 8432),('7f2c6e6e-db36-4ae0-95c5-9790680c678e', 'f1bb704a-f487-4c28-89b3-96f67735467c', 148365, 2431),('7f2c6e6e-db36-4ae0-95c5-9790680c678e', '4a6ab465-c6d3-40fc-a5fc-3ec4509b1bf1', 63404, 3871),('7f2c6e6e-db36-4ae0-95c5-9790680c678e', 'e7225bab-decb-4021-b300-4c112844425a', 99924, 5073),('7f2c6e6e-db36-4ae0-95c5-9790680c678e', '661e5b2b-f350-47b5-abdb-4a010d9fc449', 10824, 9326),('7f2c6e6e-db36-4ae0-95c5-9790680c678e', 'b5f786c8-5d83-4afe-90cd-9cae233f5051', 12696, 1964),('7f2c6e6e-db36-4ae0-95c5-9790680c678e', 'c7327e08-a5ae-4eeb-b0cb-1ca8b44470bf', 7752, 5555),('85b43866-072b-456b-a012-5d4ea4d87847', 'e055db8e-b51b-4780-9d4a-dce2177188a1', 98624, 7155),('85b43866-072b-456b-a012-5d4ea4d87847', 'e7225bab-decb-4021-b300-4c112844425a', 107494, 9040),('85b43866-072b-456b-a012-5d4ea4d87847', 'e29d18ed-6e48-4e02-8191-9ad6c7b6b831', 132202, 5476),('85b43866-072b-456b-a012-5d4ea4d87847', '742b48af-28d6-4e64-a4f6-9cd0018f80b8', 82705, 7935),('85b43866-072b-456b-a012-5d4ea4d87847', '5d963d94-c888-4fa7-88ad-01ed24c5f4ac', 134992, 2620),('85b43866-072b-456b-a012-5d4ea4d87847', '83e68417-fc71-4a03-a477-ae1ef7f6cae5', 10764, 8264),('1283ac8e-1bb4-4beb-b36a-5b3291ed5e10', 'f5c9ffd0-d9d3-45e4-b22c-df98a0e2c76a', 120744, 6190),('1283ac8e-1bb4-4beb-b36a-5b3291ed5e10', '8d0bb966-6bbf-40e6-a003-ed31520e5d4e', 11340, 9917),('1283ac8e-1bb4-4beb-b36a-5b3291ed5e10', '4af20b10-017a-4ca3-b98b-652a516171d0', 20410, 7147),('1283ac8e-1bb4-4beb-b36a-5b3291ed5e10', '25dc04d0-dfbf-4120-a303-2f6d17b7fb20', 25610, 8066),('1283ac8e-1bb4-4beb-b36a-5b3291ed5e10', '2c4b68ab-e7b4-4aad-bdce-6695983ec2df', 86988, 7074),('1283ac8e-1bb4-4beb-b36a-5b3291ed5e10', 'aabb0fff-79ee-40d4-973b-82e30ec081f8', 13493, 3489),('1283ac8e-1bb4-4beb-b36a-5b3291ed5e10', '716edab7-aae9-43ed-81cc-00249c2a2941', 16125, 2066),('1283ac8e-1bb4-4beb-b36a-5b3291ed5e10', 'c41b10ba-7526-4400-926a-e69aab22ea26', 152644, 1747),('7d5638a4-75a0-4e6b-a563-24af0674b643', '761ab6c0-a638-4088-8262-e055ae1f3947', 119860, 2066),('7d5638a4-75a0-4e6b-a563-24af0674b643', '1ae19a5c-4a2d-4d78-83e4-9bd2c8029a3e', 7946, 2684),('7d5638a4-75a0-4e6b-a563-24af0674b643', '9035cdc1-bef7-4955-b339-d5c0456240e8', 57936, 5810),('7d5638a4-75a0-4e6b-a563-24af0674b643', 'dfd7dca3-0954-4947-93c0-f08907fbbb69', 116848, 5980),('7d5638a4-75a0-4e6b-a563-24af0674b643', 'dd473be6-f872-4d40-8954-d3eac28dd815', 15827, 3158),('7d5638a4-75a0-4e6b-a563-24af0674b643', '84fa75d8-a9c9-402d-9562-fdd151bec838', 9928, 4030),('7d5638a4-75a0-4e6b-a563-24af0674b643', '16bea0fb-9777-4abd-83c0-71a0cb5fbe41', 108674, 6531),('7d5638a4-75a0-4e6b-a563-24af0674b643', '1800a7e1-cc56-40b4-9f60-4c6d8fb8df52', 24924, 1933),('8740913b-4241-47a3-b2fc-097696d40b8a', '7d7ced7d-15dd-4cce-af62-6e66000fa162', 57720, 7681),('8740913b-4241-47a3-b2fc-097696d40b8a', '0fecbaf3-603a-4453-8d1e-3b7d2f562c28', 10640, 8423),('8740913b-4241-47a3-b2fc-097696d40b8a', '16bea0fb-9777-4abd-83c0-71a0cb5fbe41', 107052, 2375),('8740913b-4241-47a3-b2fc-097696d40b8a', '36e72f9d-cd84-49cd-bf07-721eff7f4dc6', 51614, 4878),('8740913b-4241-47a3-b2fc-097696d40b8a', '1d10c31a-4cfb-4f00-a3a5-32a945671dda', 170434, 4676),('8740913b-4241-47a3-b2fc-097696d40b8a', '3cd25817-8fa5-4ae3-9b80-3e0140aead20', 16128, 6277),('8740913b-4241-47a3-b2fc-097696d40b8a', 'd31174bf-6521-49ae-b976-232445235fab', 82432, 8178),('2a5f50d1-09b9-4668-816f-84ba3fc9aae6', 'a37f4683-41fd-4a71-976e-6c876cd606e8', 176867, 3896),('2a5f50d1-09b9-4668-816f-84ba3fc9aae6', '57f9df37-afcf-4a14-bcb8-397d013157f7', 23664, 1856),('2a5f50d1-09b9-4668-816f-84ba3fc9aae6', '819735f2-fb58-45e3-8150-5f90ccf0e5ba', 206283, 5209),('2a5f50d1-09b9-4668-816f-84ba3fc9aae6', '50af9d49-6d22-4434-ad1d-328b497b9ff7', 237360, 4274),('2a5f50d1-09b9-4668-816f-84ba3fc9aae6', '84c23ea5-b54c-44dc-882b-61763f6d9f85', 207110, 4827),('2a5f50d1-09b9-4668-816f-84ba3fc9aae6', '8e8d4b96-71bb-4cd7-a229-c5dc3dfa3572', 68862, 2425),('2a5f50d1-09b9-4668-816f-84ba3fc9aae6', '929314c5-95ef-49a2-a90a-bc50a2fb1fbc', 62205, 4044),('2a5f50d1-09b9-4668-816f-84ba3fc9aae6', 'c7327e08-a5ae-4eeb-b0cb-1ca8b44470bf', 8037, 1083),('360c0d3f-bef5-4d69-8976-513b176058fc', '2c00bdc4-1c5e-4cde-8f10-2fe72b37080d', 217560, 1913),('360c0d3f-bef5-4d69-8976-513b176058fc', '0613dc9f-5f8c-4b38-89ce-537c593e141f', 9600, 5734),('360c0d3f-bef5-4d69-8976-513b176058fc', 'ed99f851-29ee-4a47-baa0-19bdc19df48b', 20878, 4916),('360c0d3f-bef5-4d69-8976-513b176058fc', '27dc2ec9-4eab-417d-953d-16581778bb13', 51747, 1337),('360c0d3f-bef5-4d69-8976-513b176058fc', 'f212dbed-8086-4276-8bf1-5b6303f753a0', 148296, 4579),('360c0d3f-bef5-4d69-8976-513b176058fc', 'f34567d8-9b4f-4c86-82fa-5e3b02bcb6d6', 47799, 8517),('360c0d3f-bef5-4d69-8976-513b176058fc', '6a099dc0-21f4-4aa2-84e3-2d155c7e39a4', 109040, 2184),('360c0d3f-bef5-4d69-8976-513b176058fc', 'a2a44168-14b6-4f2c-b607-84bdbb2cb3bb', 113004, 3097),('3219a483-dad2-4a1d-9f05-97fbbba4651f', '6a79f833-79f9-4f80-a155-4fde658bcb27', 223272, 2269),('3219a483-dad2-4a1d-9f05-97fbbba4651f', '4dd23669-afab-48a2-92bf-4cd437ce530d', 9301, 1799),('3219a483-dad2-4a1d-9f05-97fbbba4651f', '431d87d0-2b70-4f5e-9b88-91b8a8c0dff5', 244140, 1978),('3219a483-dad2-4a1d-9f05-97fbbba4651f', 'cbc41619-e1b7-437a-9cd0-f798222a42f6', 78892, 8059),('3219a483-dad2-4a1d-9f05-97fbbba4651f', '27dc2ec9-4eab-417d-953d-16581778bb13', 44407, 3458),('3219a483-dad2-4a1d-9f05-97fbbba4651f', 'cb78080e-8383-471c-ac5f-b2a682c32978', 147125, 2436),('3219a483-dad2-4a1d-9f05-97fbbba4651f', '0242e1f6-ea71-4959-a4df-4849f113d89e', 8241, 1082),('3219a483-dad2-4a1d-9f05-97fbbba4651f', '697b01c1-7ead-4aee-a15c-27a135a681d8', 11718, 5139),('3219a483-dad2-4a1d-9f05-97fbbba4651f', '204c5521-cc46-4bfd-9161-9cd88b733d51', 106506, 9905),('3219a483-dad2-4a1d-9f05-97fbbba4651f', 'b5f786c8-5d83-4afe-90cd-9cae233f5051', 11960, 6795),('e63b26df-16e8-40f3-b522-11a3c5ab6397', '38b809e8-4f6f-47de-86b8-ab4f03dfb000', 162560, 4557),('e63b26df-16e8-40f3-b522-11a3c5ab6397', 'd67de4b3-5007-4129-b863-398e6559b6c8', 232570, 7160),('e63b26df-16e8-40f3-b522-11a3c5ab6397', '84fa75d8-a9c9-402d-9562-fdd151bec838', 8979, 1044),('e63b26df-16e8-40f3-b522-11a3c5ab6397', '8f87cb7e-898a-47c3-bade-48385fe781a5', 13250, 2399),('e63b26df-16e8-40f3-b522-11a3c5ab6397', '50af9d49-6d22-4434-ad1d-328b497b9ff7', 216720, 6818),('e63b26df-16e8-40f3-b522-11a3c5ab6397', '42e32c3d-3320-47d5-8b0b-f71d886742e7', 60884, 3277),('2a56263f-474a-4bb4-9ef3-d5a9d5272ab4', '431d87d0-2b70-4f5e-9b88-91b8a8c0dff5', 234750, 8178),('2a56263f-474a-4bb4-9ef3-d5a9d5272ab4', 'c8e53257-6182-4360-b5de-ad12ca525ed1', 13824, 2123),('2a56263f-474a-4bb4-9ef3-d5a9d5272ab4', 'c5dfa348-093d-4ca7-9525-e3e70fb2e511', 71064, 4796),('2a56263f-474a-4bb4-9ef3-d5a9d5272ab4', '7694d6ff-3d2d-4206-9ce5-2daab6f1eeb3', 11135, 5135),('2a56263f-474a-4bb4-9ef3-d5a9d5272ab4', '4ed1cec5-1dd5-425c-9061-4b0ac3b39ff6', 155500, 6414),('2a56263f-474a-4bb4-9ef3-d5a9d5272ab4', 'fd3fd3ad-032c-44ea-97ae-7b6a3631c159', 68513, 8975),('f671b6ab-16b4-4e46-bc11-8f801e39889d', '4af20b10-017a-4ca3-b98b-652a516171d0', 19625, 8038),('f671b6ab-16b4-4e46-bc11-8f801e39889d', '0852b018-20bf-491e-af9c-96e528afaf00', 32125, 8731),('f671b6ab-16b4-4e46-bc11-8f801e39889d', 'c1a500a6-35e8-4700-8242-a5adff852b94', 53250, 2094),('f671b6ab-16b4-4e46-bc11-8f801e39889d', '00d78d4c-7baa-4bd3-a643-5e44c9be1c54', 6930, 3710),('f671b6ab-16b4-4e46-bc11-8f801e39889d', '661e5b2b-f350-47b5-abdb-4a010d9fc449', 10414, 7060),('f671b6ab-16b4-4e46-bc11-8f801e39889d', 'e207b049-a9b3-44ed-afe4-b3590bcd5958', 21279, 4103),('f671b6ab-16b4-4e46-bc11-8f801e39889d', '0beea59d-fda6-4971-ba48-9288131abc22', 43692, 4163),('f671b6ab-16b4-4e46-bc11-8f801e39889d', '64ee0961-7cd9-4122-bf07-77c043fcdf77', 133980, 8910),('f671b6ab-16b4-4e46-bc11-8f801e39889d', 'c3cfe7c5-c1d2-478b-94a8-e6d2c5f328f1', 66766, 2702),('f671b6ab-16b4-4e46-bc11-8f801e39889d', '525e32c3-014e-4b5d-b0a3-e716d741eec4', 6300, 9139),('f671b6ab-16b4-4e46-bc11-8f801e39889d', '160c85b3-8334-4e3a-b1fe-98bf5ed750d1', 93500, 6703),('f671b6ab-16b4-4e46-bc11-8f801e39889d', 'b5f786c8-5d83-4afe-90cd-9cae233f5051', 11408, 9321),('484643dd-202a-493a-84a9-9af62bec19de', 'f068b8a2-8a7d-4248-b3c5-65b63e77940e', 36249, 2068),('484643dd-202a-493a-84a9-9af62bec19de', '64645e38-a0cb-412e-8c19-e6d71da0ebff', 12936, 9504),('484643dd-202a-493a-84a9-9af62bec19de', 'f5c9ffd0-d9d3-45e4-b22c-df98a0e2c76a', 123552, 5593),('484643dd-202a-493a-84a9-9af62bec19de', 'b6dfcec8-44a7-42d6-817d-df823e0d2438', 106396, 5936),('484643dd-202a-493a-84a9-9af62bec19de', '78c9ee3d-3443-4937-ab8b-aa5532882d03', 47029, 2606),('484643dd-202a-493a-84a9-9af62bec19de', 'd33f3fba-2885-4a2d-87f7-be92279a50de', 191218, 4289),('484643dd-202a-493a-84a9-9af62bec19de', '255d0357-33bc-4fd6-8264-c162af7f4962', 15444, 6676),('484643dd-202a-493a-84a9-9af62bec19de', '8308f588-b1e0-49bb-9ed8-416566d62b22', 11371, 4917),('484643dd-202a-493a-84a9-9af62bec19de', '8fcc2775-7475-4170-9683-2c019c158059', 12150, 4070),('484643dd-202a-493a-84a9-9af62bec19de', '0c04fe5e-47a7-40f1-9d4e-d8c5215bc404', 6500, 4714),('23f09678-cab8-4e50-bf2d-56396cbe22b4', '74d1a326-2cb1-4954-8e4f-d4650f53ab04', 19430, 8145),('23f09678-cab8-4e50-bf2d-56396cbe22b4', '2686f417-d37f-4973-a342-6c43d23e8e28', 91008, 7305),('23f09678-cab8-4e50-bf2d-56396cbe22b4', 'c7edb6f3-aeb0-4ae2-9b3e-f0d66a69b07d', 12555, 3659),('23f09678-cab8-4e50-bf2d-56396cbe22b4', 'dd473be6-f872-4d40-8954-d3eac28dd815', 16779, 8962),('23f09678-cab8-4e50-bf2d-56396cbe22b4', 'b391e818-7064-44d4-a87a-702a523327d6', 94572, 9663),('23f09678-cab8-4e50-bf2d-56396cbe22b4', '3e53329d-6078-4a63-b659-b74629ce5782', 21170, 7084),('23f09678-cab8-4e50-bf2d-56396cbe22b4', '96d9c303-1390-4d33-a038-5a43532a91f7', 26928, 8558),('23f09678-cab8-4e50-bf2d-56396cbe22b4', '9d852124-125c-4d4b-a756-4b1eeb4b4026', 252618, 1319),('23f09678-cab8-4e50-bf2d-56396cbe22b4', '774292d7-5d49-4982-9f3c-d935349d2205', 7695, 8871),('23f09678-cab8-4e50-bf2d-56396cbe22b4', 'c41b10ba-7526-4400-926a-e69aab22ea26', 177264, 6532),('23f09678-cab8-4e50-bf2d-56396cbe22b4', '355e5f63-ec62-440e-a6f6-94901ae44111', 4725, 8672),('23f09678-cab8-4e50-bf2d-56396cbe22b4', '6f9e6e00-6c4e-468f-bfde-00ed16e4badf', 29104, 7933),('23f09678-cab8-4e50-bf2d-56396cbe22b4', 'eba15206-4973-4ec6-8c97-ecb6d6917412', 68640, 3305),('f87f0855-877f-422f-b2e9-68869cd77f49', 'a3bc8530-a168-425f-9163-1f0f5b81b3de', 154310, 2659),('f87f0855-877f-422f-b2e9-68869cd77f49', 'c7edb6f3-aeb0-4ae2-9b3e-f0d66a69b07d', 11532, 3378),('f87f0855-877f-422f-b2e9-68869cd77f49', 'e15504da-6d1f-4570-84d2-d96acb9f656f', 15851, 2908),('f87f0855-877f-422f-b2e9-68869cd77f49', 'e45f0b7c-2a10-49e2-b1d8-c106466c168f', 12480, 1423),('f87f0855-877f-422f-b2e9-68869cd77f49', 'f212dbed-8086-4276-8bf1-5b6303f753a0', 129258, 2432),('f87f0855-877f-422f-b2e9-68869cd77f49', '7e31d547-8563-407b-8f16-135217eaeeea', 26445, 8757),('f87f0855-877f-422f-b2e9-68869cd77f49', 'f83ce3fe-f804-4d5b-a314-e5e8d03e6bb6', 18125, 5544),('f87f0855-877f-422f-b2e9-68869cd77f49', 'e207b049-a9b3-44ed-afe4-b3590bcd5958', 21279, 7095),('f87f0855-877f-422f-b2e9-68869cd77f49', 'c88bf603-0c61-4fc3-ba7f-7c223a5852a8', 220825, 3878),('f87f0855-877f-422f-b2e9-68869cd77f49', '8fbbfa96-f67a-4ca5-94e0-2a5c039f6f5b', 84626, 3214),('f87f0855-877f-422f-b2e9-68869cd77f49', '68e04751-5186-4621-904f-b843264f39f8', 39808, 5831),('c0d165c3-9240-45d6-adad-f14fc775e193', '2d41097a-28cd-44fe-a0b2-0f8f82fae58e', 149253, 5439),('c0d165c3-9240-45d6-adad-f14fc775e193', '43240355-55a0-467c-bff8-7db714506cac', 7250, 6949),('c0d165c3-9240-45d6-adad-f14fc775e193', 'b4f2a918-347f-491a-9512-580474938766', 88818, 2704),('c0d165c3-9240-45d6-adad-f14fc775e193', '5f602176-5724-4c22-8972-56412391d023', 10956, 8319),('c0d165c3-9240-45d6-adad-f14fc775e193', 'd2cac438-3e5e-44bd-9aac-a88e07633a79', 81024, 4873),('e0095d96-6edc-43ff-8e99-b25c68e1db8f', '252924a6-cd76-455a-b62c-0eba1f9f2f2d', 88808, 7628),('e0095d96-6edc-43ff-8e99-b25c68e1db8f', '0852b018-20bf-491e-af9c-96e528afaf00', 35723, 5971),('e0095d96-6edc-43ff-8e99-b25c68e1db8f', '8a79e30e-ea30-4a73-8d91-208cb9d11842', 18090, 4442),('e0095d96-6edc-43ff-8e99-b25c68e1db8f', '661e5b2b-f350-47b5-abdb-4a010d9fc449', 11316, 1706),('e0095d96-6edc-43ff-8e99-b25c68e1db8f', 'f9f3361e-6b3a-40a8-961f-bd5f8a00e58e', 13260, 5341),('e0095d96-6edc-43ff-8e99-b25c68e1db8f', 'abe1f25e-8978-4974-ba0d-cfed581b8e85', 89364, 5736),('e0095d96-6edc-43ff-8e99-b25c68e1db8f', '6602cefb-9037-4239-9463-a4b18989abbd', 151088, 6472),('e0095d96-6edc-43ff-8e99-b25c68e1db8f', '5d963d94-c888-4fa7-88ad-01ed24c5f4ac', 121776, 9380),('539d5b62-f100-4648-8d4f-69244a21caa0', '3ae2b2c8-08af-4b9c-8f7b-f47166cef0d3', 32128, 8787),('539d5b62-f100-4648-8d4f-69244a21caa0', 'd011b434-67e8-4569-a37a-077ee77cb948', 8113, 2566),('539d5b62-f100-4648-8d4f-69244a21caa0', '737e3adf-34ce-43d5-b637-cbcc2e221a51', 10164, 9389),('539d5b62-f100-4648-8d4f-69244a21caa0', 'ac5636be-c660-4ff7-9b4a-a1ea49c1cafa', 140448, 6155),('539d5b62-f100-4648-8d4f-69244a21caa0', '3a1df591-b715-46db-b804-fcabc9cc8869', 40230, 9292),('b0d17554-5824-4a12-9709-77fae0e0e859', '4172accb-ddf5-4735-8458-32a5b888107b', 14637, 6418),('b0d17554-5824-4a12-9709-77fae0e0e859', '9fa77203-8a4f-48af-a84b-b83186cf34b9', 201960, 4030),('b0d17554-5824-4a12-9709-77fae0e0e859', 'f212dbed-8086-4276-8bf1-5b6303f753a0', 122244, 6872),('b0d17554-5824-4a12-9709-77fae0e0e859', 'f9f3361e-6b3a-40a8-961f-bd5f8a00e58e', 12444, 1569),('b0d17554-5824-4a12-9709-77fae0e0e859', '68f484cf-653a-45ed-bc8b-b77d1dd0dc76', 5246, 9069),('b0d17554-5824-4a12-9709-77fae0e0e859', '61f98162-7245-492d-a555-0a6e02f6182b', 102360, 9907),('b0d17554-5824-4a12-9709-77fae0e0e859', 'aabb0fff-79ee-40d4-973b-82e30ec081f8', 12978, 2310),('b0d17554-5824-4a12-9709-77fae0e0e859', 'c88bf603-0c61-4fc3-ba7f-7c223a5852a8', 228125, 8699),('b0d17554-5824-4a12-9709-77fae0e0e859', 'fc49cc23-7edc-4aad-866b-21c12a6fb573', 5588, 4816),('b0d17554-5824-4a12-9709-77fae0e0e859', '7baeeb50-a0ad-439c-be78-eacf7e64a13d', 69500, 7849),('a7fc09a8-c814-447f-8973-668cac9eaa24', 'ed99f851-29ee-4a47-baa0-19bdc19df48b', 18733, 5243),('a7fc09a8-c814-447f-8973-668cac9eaa24', '78c9ee3d-3443-4937-ab8b-aa5532882d03', 47747, 8017),('a7fc09a8-c814-447f-8973-668cac9eaa24', 'd67de4b3-5007-4129-b863-398e6559b6c8', 221836, 5642),('a7fc09a8-c814-447f-8973-668cac9eaa24', '7245b250-b27d-40aa-9574-11013cef037d', 2875, 2696),('a7fc09a8-c814-447f-8973-668cac9eaa24', '8c1c020c-1831-4a9b-a1e4-3fdc5d88c9ec', 57057, 9301),('a7fc09a8-c814-447f-8973-668cac9eaa24', '5c809480-0589-4eca-9070-28ead1b46d0f', 14478, 7368),('338a7d5e-3f8e-4163-994c-4e67ae7a5caf', '2c00bdc4-1c5e-4cde-8f10-2fe72b37080d', 187960, 6375),('338a7d5e-3f8e-4163-994c-4e67ae7a5caf', 'c9435484-cc47-4c0d-a9f3-acfddd4c28c0', 22017, 1135),('338a7d5e-3f8e-4163-994c-4e67ae7a5caf', '40e4e050-b0c7-4c22-a189-d3dcc658ebdf', 76160, 9329),('338a7d5e-3f8e-4163-994c-4e67ae7a5caf', '27dc2ec9-4eab-417d-953d-16581778bb13', 46976, 7076),('338a7d5e-3f8e-4163-994c-4e67ae7a5caf', 'abbf9546-cc3f-40e2-a0c0-39e9a9455aba', 23140, 6875),('338a7d5e-3f8e-4163-994c-4e67ae7a5caf', '6aedaec8-f7ca-4efb-9956-6d68c8d4340e', 16899, 3632),('28586aa8-1bca-481a-93da-22168e343d99', 'c7edb6f3-aeb0-4ae2-9b3e-f0d66a69b07d', 13206, 2931),('28586aa8-1bca-481a-93da-22168e343d99', '52166670-4872-418d-b46a-50c7882e0891', 15476, 2166),('28586aa8-1bca-481a-93da-22168e343d99', '43776425-2f56-44ed-b148-a10e566b4f86', 23146, 9830),('28586aa8-1bca-481a-93da-22168e343d99', 'b324f14e-4854-44c7-93bd-7310a85f3349', 9372, 6297);

insert into vendor_transport_info_vz0 values
('b37fc96c-2bed-4ea2-ae34-336f0f6235c1', '0bf8d468-e1f1-4f64-becd-3b0632cd0cbc', 1),('93bb5445-1bb5-4f88-b233-1d661df11de8', '8f7543ab-6a24-4bf1-a885-266ee506ab1d', 1),('93bb5445-1bb5-4f88-b233-1d661df11de8', 'f896295d-52dd-4bb5-be29-dbe927e97b1e', 1),('93bb5445-1bb5-4f88-b233-1d661df11de8', '9b3430f9-46d7-4a64-873f-8bd612804b5a', 4),('93bb5445-1bb5-4f88-b233-1d661df11de8', '0bf8d468-e1f1-4f64-becd-3b0632cd0cbc', 2),('93bb5445-1bb5-4f88-b233-1d661df11de8', 'c4d588a8-a0dc-4c7b-85b4-a496b1ef6c0c', 8),('93bb5445-1bb5-4f88-b233-1d661df11de8', '6824d419-b6f6-4bab-ac9e-9451cdea9b08', 3),('93bb5445-1bb5-4f88-b233-1d661df11de8', 'f54e2c3c-1792-48b2-a119-82129ff98c6a', 7),('c77e4c9f-d28f-4fe0-900d-60b130b45ab5', 'bc97ba64-c896-4f2f-adb3-5e850ce67017', 10),('c77e4c9f-d28f-4fe0-900d-60b130b45ab5', 'f896295d-52dd-4bb5-be29-dbe927e97b1e', 3),('c77e4c9f-d28f-4fe0-900d-60b130b45ab5', '0bf8d468-e1f1-4f64-becd-3b0632cd0cbc', 7),('c77e4c9f-d28f-4fe0-900d-60b130b45ab5', '6824d419-b6f6-4bab-ac9e-9451cdea9b08', 1),('6bbfe8e1-e7d0-484a-87a3-bf0c1b730e25', '8f7543ab-6a24-4bf1-a885-266ee506ab1d', 7),('be5b7349-cbd5-461f-998d-fcde6cd1e856', '05279a70-7b67-4e10-88eb-a4db20d6204c', 10),('be5b7349-cbd5-461f-998d-fcde6cd1e856', 'bc97ba64-c896-4f2f-adb3-5e850ce67017', 9),('be5b7349-cbd5-461f-998d-fcde6cd1e856', 'c4d588a8-a0dc-4c7b-85b4-a496b1ef6c0c', 7),('be5b7349-cbd5-461f-998d-fcde6cd1e856', 'd6bf45b1-e9e1-41c9-bbd5-7ad809fcc625', 9),('5254ca98-9c5e-424d-8e6c-edabd7e4a92c', '23654440-4d73-43e6-8c19-c88edc77e4a8', 9),('5254ca98-9c5e-424d-8e6c-edabd7e4a92c', 'b495e20b-72a1-411e-8db2-74bb66eaeffc', 4),('f4343a66-1ad4-449a-aac1-458aa0bdfb3b', '8f7543ab-6a24-4bf1-a885-266ee506ab1d', 9),('f4343a66-1ad4-449a-aac1-458aa0bdfb3b', '05279a70-7b67-4e10-88eb-a4db20d6204c', 4),('f4343a66-1ad4-449a-aac1-458aa0bdfb3b', 'f896295d-52dd-4bb5-be29-dbe927e97b1e', 4),('95524126-2bbd-45d4-be86-cb54f7f21cc0', '05279a70-7b67-4e10-88eb-a4db20d6204c', 2),('95524126-2bbd-45d4-be86-cb54f7f21cc0', 'bee99a99-68be-4477-a398-f6389ada548e', 6),('42df5518-8a41-4ee5-bc07-76d3dbf96654', 'bc97ba64-c896-4f2f-adb3-5e850ce67017', 7),('42df5518-8a41-4ee5-bc07-76d3dbf96654', 'c4d588a8-a0dc-4c7b-85b4-a496b1ef6c0c', 1),('42df5518-8a41-4ee5-bc07-76d3dbf96654', 'd6bf45b1-e9e1-41c9-bbd5-7ad809fcc625', 9),('42df5518-8a41-4ee5-bc07-76d3dbf96654', 'f54e2c3c-1792-48b2-a119-82129ff98c6a', 7),('42df5518-8a41-4ee5-bc07-76d3dbf96654', '087e56b2-023a-42cb-93a7-34e6cef688fb', 1),('42df5518-8a41-4ee5-bc07-76d3dbf96654', 'b495e20b-72a1-411e-8db2-74bb66eaeffc', 4),('42df5518-8a41-4ee5-bc07-76d3dbf96654', '5a5cd4fb-4a07-42e8-b895-4b1ca652d281', 3),('7f2c6e6e-db36-4ae0-95c5-9790680c678e', '8f7543ab-6a24-4bf1-a885-266ee506ab1d', 1),('7f2c6e6e-db36-4ae0-95c5-9790680c678e', 'bc97ba64-c896-4f2f-adb3-5e850ce67017', 8),('7f2c6e6e-db36-4ae0-95c5-9790680c678e', 'fd67b1cc-52c4-456d-9bdc-9c63c826a6f2', 5),('7f2c6e6e-db36-4ae0-95c5-9790680c678e', '0bf8d468-e1f1-4f64-becd-3b0632cd0cbc', 1),('7f2c6e6e-db36-4ae0-95c5-9790680c678e', 'c4d588a8-a0dc-4c7b-85b4-a496b1ef6c0c', 2),('7f2c6e6e-db36-4ae0-95c5-9790680c678e', '087e56b2-023a-42cb-93a7-34e6cef688fb', 8),('85b43866-072b-456b-a012-5d4ea4d87847', '05279a70-7b67-4e10-88eb-a4db20d6204c', 10),('85b43866-072b-456b-a012-5d4ea4d87847', '23654440-4d73-43e6-8c19-c88edc77e4a8', 10),('85b43866-072b-456b-a012-5d4ea4d87847', '2ff28b63-9697-4e93-8d05-60de261bb433', 9),('85b43866-072b-456b-a012-5d4ea4d87847', '0bf8d468-e1f1-4f64-becd-3b0632cd0cbc', 6),('85b43866-072b-456b-a012-5d4ea4d87847', '5a5cd4fb-4a07-42e8-b895-4b1ca652d281', 2),('1283ac8e-1bb4-4beb-b36a-5b3291ed5e10', 'f54e2c3c-1792-48b2-a119-82129ff98c6a', 9),('1283ac8e-1bb4-4beb-b36a-5b3291ed5e10', 'b495e20b-72a1-411e-8db2-74bb66eaeffc', 4),('7d5638a4-75a0-4e6b-a563-24af0674b643', '9b3430f9-46d7-4a64-873f-8bd612804b5a', 9),('7d5638a4-75a0-4e6b-a563-24af0674b643', '0bf8d468-e1f1-4f64-becd-3b0632cd0cbc', 8),('7d5638a4-75a0-4e6b-a563-24af0674b643', 'bee99a99-68be-4477-a398-f6389ada548e', 4),('7d5638a4-75a0-4e6b-a563-24af0674b643', '087e56b2-023a-42cb-93a7-34e6cef688fb', 10),('7d5638a4-75a0-4e6b-a563-24af0674b643', '5a5cd4fb-4a07-42e8-b895-4b1ca652d281', 5),('8740913b-4241-47a3-b2fc-097696d40b8a', '8f7543ab-6a24-4bf1-a885-266ee506ab1d', 2),('8740913b-4241-47a3-b2fc-097696d40b8a', 'bc97ba64-c896-4f2f-adb3-5e850ce67017', 6),('8740913b-4241-47a3-b2fc-097696d40b8a', '23654440-4d73-43e6-8c19-c88edc77e4a8', 5),('8740913b-4241-47a3-b2fc-097696d40b8a', 'f896295d-52dd-4bb5-be29-dbe927e97b1e', 4),('8740913b-4241-47a3-b2fc-097696d40b8a', '2ff28b63-9697-4e93-8d05-60de261bb433', 3),('8740913b-4241-47a3-b2fc-097696d40b8a', '9b3430f9-46d7-4a64-873f-8bd612804b5a', 9),('8740913b-4241-47a3-b2fc-097696d40b8a', '6824d419-b6f6-4bab-ac9e-9451cdea9b08', 7),('8740913b-4241-47a3-b2fc-097696d40b8a', '087e56b2-023a-42cb-93a7-34e6cef688fb', 8),('8740913b-4241-47a3-b2fc-097696d40b8a', '5a5cd4fb-4a07-42e8-b895-4b1ca652d281', 6),('360c0d3f-bef5-4d69-8976-513b176058fc', 'a2e6646c-23a8-4527-85f9-2a1e7f76c7a5', 10),('360c0d3f-bef5-4d69-8976-513b176058fc', 'bee99a99-68be-4477-a398-f6389ada548e', 6),('3219a483-dad2-4a1d-9f05-97fbbba4651f', '05279a70-7b67-4e10-88eb-a4db20d6204c', 8),('3219a483-dad2-4a1d-9f05-97fbbba4651f', 'bc97ba64-c896-4f2f-adb3-5e850ce67017', 8),('3219a483-dad2-4a1d-9f05-97fbbba4651f', 'a2e6646c-23a8-4527-85f9-2a1e7f76c7a5', 2),('3219a483-dad2-4a1d-9f05-97fbbba4651f', 'f896295d-52dd-4bb5-be29-dbe927e97b1e', 2),('3219a483-dad2-4a1d-9f05-97fbbba4651f', 'f54e2c3c-1792-48b2-a119-82129ff98c6a', 4),('e63b26df-16e8-40f3-b522-11a3c5ab6397', '05279a70-7b67-4e10-88eb-a4db20d6204c', 5),('e63b26df-16e8-40f3-b522-11a3c5ab6397', 'fd67b1cc-52c4-456d-9bdc-9c63c826a6f2', 3),('e63b26df-16e8-40f3-b522-11a3c5ab6397', 'b495e20b-72a1-411e-8db2-74bb66eaeffc', 6),('2a56263f-474a-4bb4-9ef3-d5a9d5272ab4', 'fd67b1cc-52c4-456d-9bdc-9c63c826a6f2', 1),('2a56263f-474a-4bb4-9ef3-d5a9d5272ab4', '087e56b2-023a-42cb-93a7-34e6cef688fb', 1),('f671b6ab-16b4-4e46-bc11-8f801e39889d', '8f7543ab-6a24-4bf1-a885-266ee506ab1d', 4),('f671b6ab-16b4-4e46-bc11-8f801e39889d', '05279a70-7b67-4e10-88eb-a4db20d6204c', 8),('f671b6ab-16b4-4e46-bc11-8f801e39889d', 'a2e6646c-23a8-4527-85f9-2a1e7f76c7a5', 10),('f671b6ab-16b4-4e46-bc11-8f801e39889d', '0bf8d468-e1f1-4f64-becd-3b0632cd0cbc', 7),('f671b6ab-16b4-4e46-bc11-8f801e39889d', 'd6bf45b1-e9e1-41c9-bbd5-7ad809fcc625', 7),('f671b6ab-16b4-4e46-bc11-8f801e39889d', 'cd6c4172-8b4b-43ab-8998-bfe3574ae4f2', 2),('f671b6ab-16b4-4e46-bc11-8f801e39889d', '6824d419-b6f6-4bab-ac9e-9451cdea9b08', 3),('484643dd-202a-493a-84a9-9af62bec19de', '05279a70-7b67-4e10-88eb-a4db20d6204c', 7),('484643dd-202a-493a-84a9-9af62bec19de', '2ff28b63-9697-4e93-8d05-60de261bb433', 2),('484643dd-202a-493a-84a9-9af62bec19de', '6824d419-b6f6-4bab-ac9e-9451cdea9b08', 2),('484643dd-202a-493a-84a9-9af62bec19de', '087e56b2-023a-42cb-93a7-34e6cef688fb', 10),('23f09678-cab8-4e50-bf2d-56396cbe22b4', '8f7543ab-6a24-4bf1-a885-266ee506ab1d', 7),('23f09678-cab8-4e50-bf2d-56396cbe22b4', 'bc97ba64-c896-4f2f-adb3-5e850ce67017', 9),('23f09678-cab8-4e50-bf2d-56396cbe22b4', '0bf8d468-e1f1-4f64-becd-3b0632cd0cbc', 5),('23f09678-cab8-4e50-bf2d-56396cbe22b4', 'd6bf45b1-e9e1-41c9-bbd5-7ad809fcc625', 6),('23f09678-cab8-4e50-bf2d-56396cbe22b4', 'b495e20b-72a1-411e-8db2-74bb66eaeffc', 8),('f87f0855-877f-422f-b2e9-68869cd77f49', '8f7543ab-6a24-4bf1-a885-266ee506ab1d', 1),('f87f0855-877f-422f-b2e9-68869cd77f49', 'fd67b1cc-52c4-456d-9bdc-9c63c826a6f2', 3),('f87f0855-877f-422f-b2e9-68869cd77f49', 'c4d588a8-a0dc-4c7b-85b4-a496b1ef6c0c', 8),('f87f0855-877f-422f-b2e9-68869cd77f49', '087e56b2-023a-42cb-93a7-34e6cef688fb', 1),('c0d165c3-9240-45d6-adad-f14fc775e193', '8f7543ab-6a24-4bf1-a885-266ee506ab1d', 5),('c0d165c3-9240-45d6-adad-f14fc775e193', 'a2e6646c-23a8-4527-85f9-2a1e7f76c7a5', 7),('c0d165c3-9240-45d6-adad-f14fc775e193', 'f896295d-52dd-4bb5-be29-dbe927e97b1e', 10),('c0d165c3-9240-45d6-adad-f14fc775e193', '9b3430f9-46d7-4a64-873f-8bd612804b5a', 10),('e0095d96-6edc-43ff-8e99-b25c68e1db8f', 'f896295d-52dd-4bb5-be29-dbe927e97b1e', 2),('e0095d96-6edc-43ff-8e99-b25c68e1db8f', 'b495e20b-72a1-411e-8db2-74bb66eaeffc', 2),('539d5b62-f100-4648-8d4f-69244a21caa0', '8f7543ab-6a24-4bf1-a885-266ee506ab1d', 2),('539d5b62-f100-4648-8d4f-69244a21caa0', 'c4d588a8-a0dc-4c7b-85b4-a496b1ef6c0c', 8),('539d5b62-f100-4648-8d4f-69244a21caa0', 'd6bf45b1-e9e1-41c9-bbd5-7ad809fcc625', 4),('b0d17554-5824-4a12-9709-77fae0e0e859', 'bc97ba64-c896-4f2f-adb3-5e850ce67017', 1),('b0d17554-5824-4a12-9709-77fae0e0e859', 'fd67b1cc-52c4-456d-9bdc-9c63c826a6f2', 3),('b0d17554-5824-4a12-9709-77fae0e0e859', '0bf8d468-e1f1-4f64-becd-3b0632cd0cbc', 6),('b0d17554-5824-4a12-9709-77fae0e0e859', 'd6bf45b1-e9e1-41c9-bbd5-7ad809fcc625', 6),('b0d17554-5824-4a12-9709-77fae0e0e859', '6824d419-b6f6-4bab-ac9e-9451cdea9b08', 4),('a7fc09a8-c814-447f-8973-668cac9eaa24', 'd6bf45b1-e9e1-41c9-bbd5-7ad809fcc625', 8),('a7fc09a8-c814-447f-8973-668cac9eaa24', '6824d419-b6f6-4bab-ac9e-9451cdea9b08', 8),('a7fc09a8-c814-447f-8973-668cac9eaa24', 'b495e20b-72a1-411e-8db2-74bb66eaeffc', 9),('338a7d5e-3f8e-4163-994c-4e67ae7a5caf', 'f896295d-52dd-4bb5-be29-dbe927e97b1e', 2),('338a7d5e-3f8e-4163-994c-4e67ae7a5caf', 'c4d588a8-a0dc-4c7b-85b4-a496b1ef6c0c', 8),('28586aa8-1bca-481a-93da-22168e343d99', '23654440-4d73-43e6-8c19-c88edc77e4a8', 10),('28586aa8-1bca-481a-93da-22168e343d99', '84acd92c-0e68-4e43-97d2-1834cd51c0b0', 4),('28586aa8-1bca-481a-93da-22168e343d99', '5a5cd4fb-4a07-42e8-b895-4b1ca652d281', 6);


--task 1
select model, category, brand from product_6qy pq
join vendor_product_info_ieh vpii on vpii.product_id = pq.id
join vendor_dms vd on vpii.vendor_id = vd.id
where (brand = 'Apple' or brand  = 'Samsung') and (category = 'смартфоны' or category = 'ноутбуки')

--task 2
select vd.name from vendor_dms vd
join vendor_product_info_ieh vpii on vpii.vendor_id  = vd.id
join product_6qy pq on vpii.product_id = pq.id
where pq.brand = 'Apple'
intersect
select vd.name from vendor_dms vd
join vendor_product_info_ieh vpii on vpii.vendor_id  = vd.id
join product_6qy pq on vpii.product_id = pq.id
where pq.brand = 'Samsung'

--task 3
select vd.name from vendor_dms vd
join vendor_product_info_ieh vpii on vpii.vendor_id  = vd.id
join product_6qy pq on vpii.product_id = pq.id
where pq.category = 'часы'
intersect
select vd.name from vendor_dms vd
join vendor_product_info_ieh vpii on vpii.vendor_id  = vd.id
join product_6qy pq on vpii.product_id = pq.id
where pq.category != 'смартфоны'

--task 4
select vd.name from vendor_dms vd
join vendor_product_info_ieh vpii on vpii.vendor_id  = vd.id
join product_6qy pq on vpii.product_id = pq.id
where pq.brand = 'Apple'
union
select vd.name from vendor_dms vd
join vendor_transport_info_vz0 vtiv on vtiv.vendor_id = vd.id
join transport_2xo tx on vtiv.transport_id = tx.id
where tx.body_volume between 27 and 30

--task 5
select min(price), max(price), avg(price), sum(price) from vendor_product_info_ieh vpii
join product_6qy pq on vpii.product_id = pq.id 
where pq.category = 'часы' and pq.brand = 'Apple' 

--task 6
select pq.model from product_6qy pq
join vendor_product_info_ieh vpii on vpii.product_id = pq.id
where pq.category = 'мониторы' and vpii.price = 
(
select max(price) from vendor_product_info_ieh vpii2
join product_6qy pq2 on pq2.id = vpii2.product_id
where pq2.category = 'мониторы'
)

--task 7
select count(category)
from (
select distinct category from product_6qy pq
) as categories